id,CatName,Root,Orderid,key,desc,pic,over_pic
1,闸阀,0,1,铸钢闸阀|美标闸阀|进口闸阀|不锈钢闸阀|信号闸阀|弹性座封闸阀|波纹管闸阀|暗杆闸阀|明杆闸阀,,,
2,蝶阀,0,2,对夹式蝶阀|涡轮蝶阀|铸铁蝶阀|不锈钢蝶阀|高真空蝶阀|气动蝶阀|中线蝶阀|电动蝶阀|软密封蝶阀|硬密封蝶阀,,,
3,球阀,0,3,黄铜球阀|不锈钢球阀|三片式球阀|青铜球阀|碳钢法兰球阀|固定式球阀|硬密封球阀|气动球阀|电动球阀|dn200球阀|不锈钢焊接式球阀,,,
4,截止阀,0,4,截止阀原理|截止阀的作用|截止阀和闸阀的区别|不锈钢截止阀|进口截止阀型号|波纹管蒸汽截止阀,,,
5,放料阀,0,5,保温放料阀|铸钢放料阀|不锈钢放料阀|下展式放料阀|上展式放料阀|衬氟放料阀,,,
6,止回阀,0,6,旋启式止回阀|防火止回阀|止回阀原理|消声止回阀|对夹式止回阀|止回阀图片|不锈钢止回阀|升降式止回阀,,,
7,平衡阀,0,7,动态平衡阀|静态平衡阀|流量平衡阀|自力式压差控制阀|平衡阀dn100,,,
8,针型阀,0,8,针型阀不锈钢|美国飞托克针型阀|进口针型阀|针型阀型号|美标针型阀,,,
9,疏水阀,0,9,进口疏水阀|进口蒸汽疏水阀|进口浮球式疏水阀|疏水阀原理|疏水阀型号|斯派莎克疏水阀|阿姆斯壮疏水阀,,,
10,排气阀,0,10,不锈钢排气阀|黄铜排气阀|排气阀工作原理|排气阀图片|排气阀型号,,,
11,电磁阀,0,11,电磁阀门|进口电磁阀工作原理|防爆电磁阀原理|电磁阀价格|电磁阀原理|电磁阀图片|上海电磁阀品牌,,,
13,旋塞阀,0,13,三通旋塞阀|进口旋塞阀|三通旋塞阀厂家|高压旋塞阀|旋塞阀型号|气动旋塞阀,,,
14,隔膜阀,0,14,气动隔膜阀|气动卫生级隔膜阀|隔膜阀原理|气动衬胶隔膜阀|不锈钢隔膜阀,,,
15,管夹阀,0,15,进口管夹阀|气动管夹阀|管夹阀gj41x|管夹阀的使用方法|管夹阀价格,,,
17,减压阀,0,16,进口先导式减压阀|减压阀型号|减压阀价格|进口减压阀图片|减压阀的工作原理|蒸汽减压阀|氢气减压阀,,,
18,阻火器,0,17,进口阻火器|管道阻火器|防爆管道阻火器|阻火器价格,,,
19,调节阀,0,17,进口调节阀品牌|合资进口调节阀|进口调节阀价格|进口调节阀图片,,,
20,过滤器,0,18,进口过滤器|Y型进口过滤器|不锈钢进口过滤器|过滤器价格,,,
21,安全阀,0,18,进口安全阀的作用|安全阀整定压力|进口安全阀品牌|进口安全阀价格,,,
22,液压阀门,0,19,,,,
23,水力控制阀,0,20,进口水力控制阀|水力控制阀生产厂家|上海水力控制阀价格,,,
24,气动角座阀,0,19,进口气动角座阀|不锈钢气动角座阀图片|进口角座阀结构图,,,
25,进口品牌,0,0,"进口阀门,英国斯派莎克,美国克瑞,台湾荣牌,台湾广腾,德国汉克,英国鹤牌,美国福斯,美国泰科_彪维流体设备（上海）有限公司","进口阀门,英国斯派莎克,美国克瑞,台湾荣牌,台湾广腾,德国汉克,英国鹤牌,美国福斯,美国泰科,美标阀门,德标阀门,英标阀门,日标阀门,国标阀门_彪维流体设备（上海）有限公司",,
26,美国克瑞阀门,25,1,美国克瑞总代理|美国克瑞办事处|CRANE阀门|美国克瑞闸阀|美国克瑞蝶阀|美国克瑞球阀|美国克瑞止回阀|美国克瑞截止阀|美国克瑞旋塞阀|美国克瑞过滤器|美国苏莫斯旋塞阀,美国克瑞总代理|美国克瑞办事处|CRANE阀门|美国克瑞闸阀|美国克瑞蝶阀|美国克瑞球阀|美国克瑞止回阀|美国克瑞旋塞阀|美国克瑞过滤器|美国苏莫斯旋塞阀|Center Line蝶阀|REVO气动执行器|德国WTA截止阀|Duo-Chek止回阀,,
27,英国斯派莎克,25,2,英国斯派莎克总代理|英国斯派莎克办事处|英国斯派莎克疏水阀|英国斯派莎克截止阀|英国斯派莎克止回阀|英国斯派莎克减压阀|英国斯派莎克安全阀|英国斯派莎克过滤器|英国斯派莎克调节阀,英国斯派莎克总代理|英国斯派莎克办事处|英国斯派莎克疏水阀|英国斯派莎克截止阀|英国斯派莎克止回阀|英国斯派莎克减压阀|英国斯派莎克安全阀|英国斯派莎克过滤器|英国斯派莎克调节阀,,
28,台湾荣牌阀门,25,3,台湾荣牌办事处|台湾荣牌总代理|台湾荣牌蝶阀|台湾荣牌闸阀|台湾荣牌球阀|台湾荣牌截止阀|台湾荣牌止回阀|台湾荣牌过滤器,台湾荣牌办事处|台湾荣牌总代理|台湾荣牌蝶阀|台湾荣牌闸阀|台湾荣牌球阀|台湾荣牌截止阀|台湾荣牌止回阀|台湾荣牌过滤器,,
29,日本耀希达凯,25,4,日本耀希达凯总代理|日本耀希达凯办事处|日本耀希达凯阀门|进口阀门|日本耀希达凯减压阀|日本耀希达凯电磁阀|日本耀希达凯安全阀|日本日本耀希达凯过滤器|日本耀希达凯疏水阀,日本耀希达凯总代理|日本耀希达凯办事处|日本耀希达凯阀门|进口阀门|日本耀希达凯减压阀|日本耀希达凯电磁阀|日本耀希达凯安全阀|日本日本耀希达凯过滤器|日本耀希达凯疏水阀,,
30,英国鹤牌阀门,25,5,英国鹤牌总代理|英国鹤牌办事处|英国鹤牌蝶阀|英国鹤牌球阀|英国鹤牌闸阀|英国鹤牌截止阀|英国鹤牌平衡阀|英国鹤牌过滤器|彪维流体设备（上海）有限公司,英国鹤牌总代理|英国鹤牌办事处|英国鹤牌蝶阀|英国鹤牌球阀|英国鹤牌闸阀|英国鹤牌截止阀|英国鹤牌平衡阀|英国鹤牌过滤器|彪维流体设备（上海）有限公司,,
31,美国福斯阀门,25,6,美国福斯总代理|美国福斯办事处|美国福斯球阀|美国福斯闸阀|美国福斯蝶阀|美国福斯旋塞阀|美国福斯调节阀|美国福斯气动旋塞阀|美国福斯电动旋塞阀|彪维流体设备（上海）有限公司,美国福斯总代理|美国福斯办事处|美国福斯球阀|美国福斯闸阀|美国福斯蝶阀|美国福斯旋塞阀|美国福斯调节阀|美国福斯气动旋塞阀|美国福斯电动旋塞阀|彪维流体设备（上海）有限公司,,
32,台湾广腾阀门,25,7,台湾广腾总代理|台湾广腾办事处|台湾广腾蝶阀|台湾广腾闸阀|台湾广腾球阀|台湾广腾截止阀|台湾广腾止回阀|台湾广腾过滤器|台湾广腾疏水阀|彪维流体设备（上海）有限公司,台湾广腾总代理|台湾广腾办事处|台湾广腾蝶阀|台湾广腾闸阀|台湾广腾球阀|台湾广腾截止阀|台湾广腾止回阀|台湾广腾过滤器|台湾广腾疏水阀|彪维流体设备（上海）有限公司,,
33,美国泰科阀门,25,8,美国泰科总代理|美国泰科办事处|美国泰科闸阀|美国泰科球阀|美国泰科蝶阀|美国泰科底阀|美国泰科截止阀|美国泰科止回阀|美国泰科减压阀|美国泰科安全阀|彪维流体设备（上海）有限公司,美国泰科总代理|美国泰科办事处|美国泰科闸阀|美国泰科球阀|美国泰科蝶阀|美国泰科底阀|美国泰科截止阀|美国泰科止回阀|美国泰科减压阀|美国泰科安全阀|彪维流体设备（上海）有限公司,,
34,德国汉克阀门,25,9,德国汉克总代理|德国汉克办事处|德国汉克蝶阀|德国汉克球阀|德国汉克闸阀|德国汉克截止阀|德国汉克止回阀|德国汉克过滤器|德国汉克调节阀|彪维流体设备（上海）有限公司,德国汉克总代理|德国汉克办事处|德国汉克蝶阀|德国汉克球阀|德国汉克闸阀|德国汉克截止阀|德国汉克止回阀|德国汉克过滤器|德国汉克调节阀|彪维流体设备（上海）有限公司,,
35,美国飞托克阀门,25,10,美国飞托克总代理|美国FITOK办事处|美国飞托克针型阀|美国飞托克球阀|美国飞托克仪表阀|美国飞托克取样阀|美国飞托克五阀组|美国飞托克三阀组|美国飞托克二阀组|彪维流体设备（上海）有限公司,美国飞托克总代理|美国FITOK办事处|美国飞托克针型阀|美国飞托克球阀|美国飞托克仪表阀|美国飞托克取样阀|美国飞托克五阀组|美国飞托克三阀组|美国飞托克二阀组|彪维流体设备（上海）有限公司,,
36,美国阿姆斯壮阀门,25,11,美国阿姆斯壮总代理|美国阿姆斯壮疏水阀|美国阿姆斯壮减压阀|美国阿姆斯壮球阀|阿姆斯壮阀门|美国阿姆斯壮型号|阿姆斯壮尺寸|彪维流体设备（上海）有限公司,美国阿姆斯壮总代理|美国阿姆斯壮疏水阀|美国阿姆斯壮减压阀|美国阿姆斯壮球阀|阿姆斯壮阀门|美国阿姆斯壮型号|阿姆斯壮尺寸|彪维流体设备（上海）有限公司,,
37,德国AKO阀门,25,12,德国AKO阀门|安可奥夹管阀|AKO夹管阀|埃克夹管阀|进口管夹阀|德国AKO气动管夹阀|德国管夹阀|德国AKO阀门总代理|彪维流体设备（上海）有限公司,德国AKO阀门|安可奥夹管阀|AKO夹管阀|埃克夹管阀|进口管夹阀|德国AKO气动管夹阀|德国管夹阀|德国AKO阀门总代理|彪维流体设备（上海）有限公司,,
38,铸铁闸阀,1,1,铸铁闸阀尺寸|铸铁闸阀图片|手动铸铁闸阀|铸铁闸阀结构图|彪维流体设备（上海）有限公司,铸铁闸阀尺寸|铸铁闸阀图片|手动铸铁闸阀|铸铁闸阀结构图|彪维流体设备（上海）有限公司,,
39,铸钢闸阀,1,2,铸钢闸阀DN100|铸钢闸阀结构图|美标铸钢闸阀|上海铸钢闸阀|手动铸钢闸阀|彪维流体设备（上海）有限公司,铸钢闸阀DN100|铸钢闸阀结构图|美标铸钢闸阀|上海铸钢闸阀|手动铸钢闸阀|彪维流体设备（上海）有限公司,,
40,不锈钢闸阀,1,3,DN65不锈钢闸阀|美标不锈钢闸阀|不锈钢闸阀价格|不锈钢闸阀型号|Z41W不锈钢闸阀|美国克瑞不锈钢闸阀,DN65不锈钢闸阀|美标不锈钢闸阀|不锈钢闸阀价格|不锈钢闸阀型号|Z41W不锈钢闸阀|美国克瑞不锈钢闸阀,,
41,黄铜|青铜闸阀,1,4,黄铜闸阀|青铜闸阀|埃美柯黄铜闸阀|埃美柯青铜闸阀|铜闸阀品牌,黄铜闸阀|青铜闸阀|埃美柯黄铜闸阀|埃美柯青铜闸阀|铜闸阀品牌,,
42,美标闸阀,1,5,美标进口闸阀|美标不锈钢闸阀|美标闸阀尺寸|美标法兰闸阀|美标闸阀Z41H,美标进口闸阀|美标不锈钢闸阀|美标闸阀尺寸|美标法兰闸阀|美标闸阀Z41H,,
43,俄标闸阀,1,6,铸铁俄标闸阀|俄标闸阀尺寸|俄标闸阀标准|俄标闸阀结构图,铸铁俄标闸阀|俄标闸阀尺寸|俄标闸阀标准|俄标闸阀结构图,,
44,日标闸阀,1,7,日标铸钢闸阀|日标闸阀图片|日标闸阀报价|日标闸阀尺寸|日标闸阀不锈钢,日标铸钢闸阀|日标闸阀图片|日标闸阀报价|日标闸阀尺寸|日标闸阀不锈钢,,
45,德标闸阀,1,8,德标闸阀F7|F4德标闸阀|暗杆德标闸阀|德标明杆闸阀|德标不锈钢闸阀|德标闸阀尺寸,德标闸阀F7|F4德标闸阀|暗杆德标闸阀|德标明杆闸阀|德标不锈钢闸阀|德标闸阀尺寸,,
46,丝口螺纹闸阀,1,9,丝口螺纹闸阀|黄铜丝口螺纹闸阀|不锈钢螺纹闸阀|铸铁丝扣闸阀|硬密封螺纹闸阀,丝口螺纹闸阀|黄铜丝口螺纹闸阀|不锈钢螺纹闸阀|铸铁丝扣闸阀|硬密封螺纹闸阀,,
47,信号消防闸阀,1,10,信号消防闸阀|DN100消防闸阀|信号消防闸阀尺寸|法兰式消防闸阀,信号消防闸阀|DN100消防闸阀|信号消防闸阀尺寸|法兰式消防闸阀,,
48,油密封闸阀,1,11,差压油密封闸阀|油密封闸阀结构图|油密封闸阀型号|油密封闸阀尺寸|CYZ40H油密封闸阀,差压油密封闸阀|油密封闸阀结构图|油密封闸阀型号|油密封闸阀尺寸|CYZ40H油密封闸阀,,
49,进口闸阀,1,0,进口闸阀型号|进口闸阀品牌|美标进口闸阀|进口闸阀尺寸|进口闸阀价格,进口闸阀型号|进口闸阀品牌|美标进口闸阀|进口闸阀尺寸|进口闸阀价格,,
50,衬氟闸阀,1,13,衬氟闸阀型号|衬氟闸阀尺寸|衬氟闸阀结构图|进口衬氟闸阀,衬氟闸阀型号|衬氟闸阀尺寸|衬氟闸阀结构图|进口衬氟闸阀,,
51,真空闸阀,1,14,进口真空闸阀|真空不锈钢闸阀|真空闸阀型号|真空闸阀品牌|真空闸阀尺寸,进口真空闸阀|真空不锈钢闸阀|真空闸阀型号|真空闸阀品牌|真空闸阀尺寸,,
52,电动闸阀,1,15,不锈钢电动闸阀|电动闸阀进口|电动闸阀型号|电动闸阀尺寸|电动闸阀结构图,不锈钢电动闸阀|电动闸阀进口|电动闸阀型号|电动闸阀尺寸|电动闸阀结构图,,
53,气动闸阀,1,16,进口气动闸阀|气动闸阀型号|气动闸阀图片|气动闸阀尺寸,进口气动闸阀|气动闸阀型号|气动闸阀图片|气动闸阀尺寸,,
54,暗杆闸阀,1,17,不锈钢暗杆闸阀|暗杆铸铁闸阀|进口暗杆闸阀|暗杆闸阀型号|暗杆闸阀尺寸,不锈钢暗杆闸阀|暗杆铸铁闸阀|进口暗杆闸阀|暗杆闸阀型号|暗杆闸阀尺寸,,
55,明杆闸阀,1,18,明杆铸钢闸阀|明杆闸阀型号|不锈钢明杆闸阀|明杆闸阀尺寸|明杆闸阀标准,明杆铸钢闸阀|明杆闸阀型号|不锈钢明杆闸阀|明杆闸阀尺寸|明杆闸阀标准,,
56,液动楔式闸阀,1,19,液动楔式不锈钢闸阀|液动楔式闸阀尺寸|液动楔式闸阀图片|液动楔式闸阀结果图|进口液动楔式闸阀,液动楔式不锈钢闸阀|液动楔式闸阀尺寸|液动楔式闸阀图片|液动楔式闸阀结果图|进口液动楔式闸阀,,
57,蜗轮转动闸阀,1,20,蜗轮转动闸阀材质|蜗轮转动闸阀型号|蜗轮转动闸阀尺寸|蜗轮转动闸阀图片|蜗轮转动闸阀介绍,蜗轮转动闸阀材质|蜗轮转动闸阀型号|蜗轮转动闸阀尺寸|蜗轮转动闸阀图片|蜗轮转动闸阀介绍,,
58,煤气专用闸阀,1,21,煤气专用闸阀|煤气不锈钢闸阀|煤气专用闸阀型号|煤气专用闸阀图片,煤气专用闸阀|煤气不锈钢闸阀|煤气专用闸阀型号|煤气专用闸阀图片,,
59,低压不锈钢闸阀,1,22,低压不锈钢闸阀|低压铸铁闸阀|低压不锈钢闸阀型号|低压不锈钢闸阀图片,低压不锈钢闸阀|低压铸铁闸阀|低压不锈钢闸阀型号|低压不锈钢闸阀图片,,
60,排渣闸阀,1,23,进口排渣闸阀|排渣闸阀型号|不锈钢排渣闸阀|排渣闸阀尺寸|排渣闸阀标准,进口排渣闸阀|排渣闸阀型号|不锈钢排渣闸阀|排渣闸阀尺寸|排渣闸阀标准,,
61,刀型闸阀,1,25,进口刀型闸阀|刀型闸阀型号|不锈钢刀型闸阀|刀型闸阀尺寸|刀型闸阀图片,进口刀型闸阀|刀型闸阀型号|不锈钢刀型闸阀|刀型闸阀尺寸|刀型闸阀图片,,
62,楔式闸阀,1,25,进口楔式闸阀|铸铁楔式闸阀|楔式不锈钢闸阀|楔式闸阀型号|楔式闸阀尺寸,进口楔式闸阀|铸铁楔式闸阀|楔式不锈钢闸阀|楔式闸阀型号|楔式闸阀尺寸,,
63,法兰闸阀,1,26,进口法兰闸阀|铸铁法兰闸阀|不锈钢法兰闸阀|Z41H法兰闸阀|法兰闸阀型号,进口法兰闸阀|铸铁法兰闸阀|不锈钢法兰闸阀|Z41H法兰闸阀|法兰闸阀型号,,
64,防盗闸阀,1,27,进口防盗闸阀|防盗闸阀材质|法兰防盗闸阀|防盗闸阀图片|防盗闸阀尺寸,进口防盗闸阀|防盗闸阀材质|法兰防盗闸阀|防盗闸阀图片|防盗闸阀尺寸,,
65,锻钢闸阀,1,3,进口锻钢闸阀|锻钢闸阀型号|锻钢闸阀尺寸|锻钢闸阀图片|美标锻钢闸阀,进口锻钢闸阀|锻钢闸阀型号|锻钢闸阀尺寸|锻钢闸阀图片|美标锻钢闸阀,,
66,碳钢闸阀,1,3,碳钢进口闸阀|上海碳钢闸阀|DN100碳钢闸阀|碳钢闸阀图片,碳钢进口闸阀|上海碳钢闸阀|DN100碳钢闸阀|碳钢闸阀图片,,
67,平板闸阀,1,28,平板闸阀|燃气平板闸阀|高压平板闸阀|Z43平板闸阀|不锈钢平板闸阀|带导流孔平板闸阀|手动平板闸阀,平板闸阀|燃气平板闸阀|高压平板闸阀|Z43平板闸阀|不锈钢平板闸阀|带导流孔平板闸阀|手动平板闸阀,,
68,水封闸阀,1,29,水封闸阀|铸铁水封闸阀|水封闸阀尺寸|水封闸阀型号|水封闸阀图片,水封闸阀|铸铁水封闸阀|水封闸阀尺寸|水封闸阀型号|水封闸阀图片,,
69,燃气闸阀,1,30,燃气闸阀|天燃气闸阀|trz47w-8q燃气闸阀|进口燃气闸阀|方圆燃气闸阀|燃气闸阀价格,燃气闸阀|天燃气闸阀|trz47w-8q燃气闸阀|进口燃气闸阀|方圆燃气闸阀|燃气闸阀价格,,
70,卡套闸阀,1,31,进口卡套闸阀|卡套闸阀型号|卡套闸阀尺寸|不锈钢卡套闸阀,进口卡套闸阀|卡套闸阀型号|卡套闸阀尺寸|不锈钢卡套闸阀,,
71,卡箍闸阀,1,32,进口卡箍闸阀|卡箍闸阀型号|卡箍闸阀图片|卡箍闸阀尺寸,进口卡箍闸阀|卡箍闸阀型号|卡箍闸阀图片|卡箍闸阀尺寸,,
72,陶瓷闸阀,1,33,进口陶瓷闸阀|耐磨陶瓷闸阀|整体陶瓷闸阀|衬陶瓷闸阀|陶瓷闸阀型号,进口陶瓷闸阀|耐磨陶瓷闸阀|整体陶瓷闸阀|衬陶瓷闸阀|陶瓷闸阀型号,,
73,泥浆闸阀,1,34,进口泥浆闸阀|泥浆闸阀型号|泥浆闸阀尺寸|不锈钢泥浆闸阀|铸铁泥浆闸阀,进口泥浆闸阀|泥浆闸阀型号|泥浆闸阀尺寸|不锈钢泥浆闸阀|铸铁泥浆闸阀,,
74,配水闸阀,1,35,配水闸阀型号|配水闸阀尺寸|配水闸阀口径|配水闸阀不锈钢,配水闸阀型号|配水闸阀尺寸|配水闸阀口径|配水闸阀不锈钢,,
75,直埋闸阀,1,36,柱式直埋闸阀|直埋闸阀厂家|直埋闸阀型号|直埋闸阀尺寸,柱式直埋闸阀|直埋闸阀厂家|直埋闸阀型号|直埋闸阀尺寸,,
76,波纹管闸阀,1,37,蒸汽波纹管闸阀|美标波纹管闸阀|德标波纹管闸阀|WZ41H波纹管闸阀|锻钢波纹管闸阀|上海波纹管闸阀,蒸汽波纹管闸阀|美标波纹管闸阀|德标波纹管闸阀|WZ41H波纹管闸阀|锻钢波纹管闸阀|上海波纹管闸阀,,
77,自密封闸阀,1,37,进口自密封闸阀|自密封不锈钢闸阀|自密封闸阀型号|自密封闸阀尺寸|美标自密封闸阀,进口自密封闸阀|自密封不锈钢闸阀|自密封闸阀型号|自密封闸阀尺寸|美标自密封闸阀,,
78,陶瓷双滑板闸阀,1,38,陶瓷双滑板闸阀厂家|陶瓷双滑板闸阀尺寸|陶瓷双滑板闸阀图片|陶瓷双滑板闸阀型号,陶瓷双滑板闸阀厂家|陶瓷双滑板闸阀尺寸|陶瓷双滑板闸阀图片|陶瓷双滑板闸阀型号,,
79,弹性座封闸阀,1,39,铸钢弹性座封闸阀|不锈钢弹性座封闸阀|弹性座封闸阀型号|弹性座封闸阀厂家|弹性座封闸阀尺寸,铸钢弹性座封闸阀|不锈钢弹性座封闸阀|弹性座封闸阀型号|弹性座封闸阀厂家|弹性座封闸阀尺寸,,
80,陶瓷刀型闸阀,1,40,陶瓷刀型闸阀|陶瓷刀型闸阀厂家|陶瓷刀型闸阀型号|陶瓷刀型闸阀价格,陶瓷刀型闸阀|陶瓷刀型闸阀厂家|陶瓷刀型闸阀型号|陶瓷刀型闸阀价格,,
81,陶瓷库顶切换阀,1,42,库顶切换阀|陶瓷库顶切换阀型号|库顶切换阀厂家|库顶切换阀型号,,,
82,陶瓷轻型排料闸阀,1,43,陶瓷轻型排料闸阀尺寸|陶瓷轻型排料闸阀厂家|陶瓷轻型排料闸阀价格|陶瓷轻型排料闸阀型号,,,
83,铸铁蝶阀,2,1,进口铸铁蝶阀|铸铁对夹式蝶阀|手柄铸铁蝶阀|涡轮铸铁蝶阀|铸铁蝶阀型号,,,
84,铸钢蝶阀,2,2,铸钢蝶阀价格|进口铸钢蝶阀|铸钢对夹式蝶阀|涡轮铸钢蝶阀|铸钢蝶阀价格|铸钢蝶阀型号,,,
85,碳钢蝶阀,2,3,碳钢蝶阀价格|碳钢对夹式蝶阀|涡轮碳钢蝶阀|进口碳钢蝶阀|碳钢蝶阀型号,,,
86,锻钢蝶阀,2,5,锻钢蝶阀厂家|锻钢蝶阀报价|进口锻钢蝶阀|锻钢蝶阀型号,,,
87,不锈钢蝶阀,2,6,不锈钢蝶阀型号|温州不锈钢蝶阀|不锈钢蝶阀DN100|不锈钢蝶阀密封圈|卫生级不锈钢蝶阀|手动不锈钢蝶阀|不锈钢蝶阀d71x-16p,,,
88,手柄蝶阀,2,7,手柄对夹式蝶阀|手柄蝶阀dn150|手柄不锈钢蝶阀|手柄蝶阀价格|手动蝶阀|手柄蝶阀型号,,,
89,蜗轮蝶阀,2,8,不锈钢蜗轮蝶阀|蜗轮蝶阀DN200|蜗轮对夹式蝶阀|蜗轮法兰蝶阀|涡轮衬胶蝶阀,,,
90,衬胶蝶阀,2,9,全衬胶蝶阀|气动衬胶蝶阀|电动衬胶蝶阀|衬胶蝶阀对夹式|手动衬胶蝶阀|美标衬胶蝶阀|美国克瑞衬胶蝶阀,,,
91,真空蝶阀,2,10,克瑞真空蝶阀|气动真空蝶阀|不锈钢真空蝶阀|美标真空蝶阀|电动真空蝶阀|DN150真空蝶阀|手动真空蝶阀,,,
92,伸缩蝶阀,2,12,法兰式伸缩蝶阀|进口伸缩蝶阀|电动伸缩蝶阀|气动伸缩蝶阀|手动伸缩蝶阀DN200|美国克瑞伸缩蝶阀,,,
93,气动蝶阀,2,13,气动蝶阀DN150|气动对夹式蝶阀|气动蝶阀不锈钢|气动蝶阀型号|气动蝶阀价格|四氟气动蝶阀,,,
94,电动蝶阀,2,15,电动蝶阀dn150|不锈钢电动蝶阀|电动蝶阀价格|电动蝶阀型号|进口电动蝶阀|防爆电动蝶阀|电动蝶阀生产厂家,,,
95,中线蝶阀,2,16,涡轮对夹式中线蝶阀|法兰式中线蝶阀|单夹式中线蝶阀|中线蝶阀型号|进口中线蝶阀,,,
96,信号蝶阀,2,17,消防信号蝶阀|信号蝶阀型号|信号蝶阀dn100|沟槽信号蝶阀|安全信号蝶阀|涡轮信号蝶阀,,,
97,保温蝶阀,2,19,进口保温蝶阀|BD341H法兰保温蝶阀|夹套保温蝶阀|电动保温蝶阀|温州保温蝶阀|风管保温蝶阀,,,
98,衬氟蝶阀,2,20,气动衬氟蝶阀|电动衬氟蝶阀|手动衬氟蝶阀|铸钢衬氟蝶阀|dn200衬氟蝶阀|全衬氟蝶阀|衬氟蝶阀型号,,,
99,板式蝶阀,2,21,斜板式蝶阀|河北板式蝶阀|板式蝶阀结构图|板式蝶阀型号,,,
100,法兰蝶阀,2,18,电动法兰蝶阀|气动法兰蝶阀|涡轮法兰蝶阀|不锈钢法兰蝶阀|伸缩法兰蝶阀|法兰蝶阀dn150|法兰蝶阀型号,,,
101,通风蝶阀,2,22,电动通风蝶阀|气动通风蝶阀|高温通风蝶阀|轻型通风蝶阀|对夹通风蝶阀|手动通风蝶阀|通风蝶阀型号,,,
102,保压蝶阀,2,24,保压蝶阀型号|保压蝶阀价格|进口保压蝶阀|不锈钢保压蝶阀|保压蝶阀结构图,,,
103,偏心蝶阀,2,25,双偏心蝶阀|三偏心蝶阀|单偏心蝶阀|气动三偏心蝶阀|电动偏心蝶阀|三偏心蝶阀原理|双偏心蝶阀型号,,,
104,调节蝶阀,2,26,气动调节蝶阀|电动调节蝶阀|电动高温调节蝶阀|对夹式调节蝶阀|卫生级调节蝶阀|电动通风调节蝶阀,,,
105,快关蝶阀,2,27,进口快关蝶阀|快关蝶阀型号|快关蝶阀价格|不锈钢快关蝶阀|快关蝶阀工作原理,,,
106,焊接蝶阀,2,28,卫生级焊接蝶阀|气动焊接蝶阀|不锈钢焊接蝶阀|进口焊接蝶阀|d61x-10焊接蝶阀|手动焊接蝶阀,,,
107,高温蝶阀,2,29,电动高温蝶阀|防爆高温蝶阀|烟道高温蝶阀|不锈钢高温蝶阀|耐高温蝶阀|天津高温蝶阀,,,
108,长杆蝶阀,2,30,加长杆蝶阀|d371x加长杆蝶阀|长杆蝶阀型号|不锈钢长杆蝶阀|长杆蝶阀价格,,,
109,耐磨蝶阀,2,31,除尘耐磨蝶阀|耐磨蝶阀型号|不锈钢耐磨蝶阀|耐磨蝶阀价格,,,
110,粉体蝶阀,2,32,气动粉体蝶阀|电动粉体蝶阀|手动粉体蝶阀|DN300气动粉体蝶阀,,,
111,脱硫蝶阀,2,33,进口脱硫蝶阀|气动脱硫蝶阀|电动脱硫蝶阀|涡轮脱硫蝶阀|上海脱硫蝶阀价格,,,
112,调速蝶阀,2,34,变频调速蝶阀|调速蝶阀型号|气动调速蝶阀|不锈钢调速蝶阀,,,
113,无销蝶阀,2,35,无销蝶阀和有销蝶阀|无销蝶阀介绍|无销蝶阀型号|无销蝶阀厂家,,,
114,双向蝶阀,2,37,DN1000双向蝶阀|双向蝶阀图片|什么是双向蝶阀|双向蝶阀工作原理,,,
115,衬氟蝶阀,2,38,对夹式衬氟蝶阀|进口衬氟蝶阀|气动衬氟蝶阀|电动衬氟蝶阀|dn200衬氟蝶阀|铸钢衬氟蝶阀|美标衬氟蝶阀,,,
116,陶瓷蝶阀,2,40,陶瓷蝶阀型号|陶瓷蝶阀尺寸|陶瓷蝶阀结构图|陶瓷蝶阀型号|陶瓷蝶阀厂家,,,
117,支耳式蝶阀,2,41,支耳式蝶阀安装|进口支耳式蝶阀|支耳式蝶阀型号|支耳式蝶阀图片,,,
118,卫生级蝶阀,2,42,卫生级蝶阀dn200|卫生级蝶阀手柄|卫生级蝶阀密封圈|对夹式卫生级蝶阀|卫生级蝶阀标准,,,
119,对夹式蝶阀,2,44,美标对夹式蝶阀|不锈钢对夹式蝶阀|对夹式涡轮蝶阀|对夹式蝶阀型号|进口对夹式蝶阀,,,
120,对夹式蝶阀,2,44,美标对夹式蝶阀|不锈钢对夹式蝶阀|对夹式涡轮蝶阀|对夹式蝶阀型号|进口对夹式蝶阀,,,
121,软密封蝶阀,2,45,电动软密封蝶阀|气动软密封蝶阀|软密封对夹式蝶阀|日标软密封蝶阀|不锈钢软密封蝶阀|软密封蝶阀dn200,,,
122,硬密封蝶阀,2,47,金属硬密封蝶阀|对夹式硬密封蝶阀|气动硬密封蝶阀|电动硬密封蝶阀|涡轮硬密封蝶阀,,,
123,防泥沙蝶阀,2,48,防泥沙蝶阀价格|防泥沙蝶阀图片|防泥沙蝶阀型号|防泥沙蝶阀厂家,,,
124,快速切断蝶阀,2,49,煤气快速切断蝶阀|气动快速切断蝶阀|进口快速切断蝶阀|快速切断蝶阀图片,,,
125,液控止回蝶阀,2,48,液控止回蝶阀hd7q41x|液控止回蝶阀型号|液控止回蝶阀厂家,,,
126,蓄能式液控蝶阀,2,50,液控蓄能蝶阀|蓄能式液控蝶阀|蓄能式液控蝶阀厂家|蓄能式液控蝶阀原理,,,
127,进口蝶阀,2,0,进口蝶阀执行标准|进口蝶阀选型|进口蝶阀品牌|美国进口蝶阀|进口对夹式蝶阀|进口气动蝶阀,,,
128,进口球阀,3,1,进口球阀品牌|进口球阀材质|进口球阀型号|进口球阀厂家|美国进口球阀|进口球阀图片,,,
129,铸铁球阀,3,2,铸铁球阀dn50|手动铸铁球阀|dn25铸铁球阀|上海铸铁球阀厂家|法兰铸铁球阀|铸铁球阀q41f-16,,,
130,铸钢球阀,3,3,铸钢球阀价格|电动铸钢球阀|铸钢球阀dn50|涡轮铸钢球阀|电动铸钢球阀|高温铸钢球阀,,,
131,碳钢球阀,3,5,碳钢球阀厂家|碳钢球阀价格|气动碳钢球阀|三通碳钢球阀|电动碳钢球阀价格|碳钢球阀型号,,,
132,锻钢球阀,3,6,美标锻钢球阀|三片式锻钢球阀|高压锻钢球阀|法兰锻钢球阀|永嘉高压锻钢球阀|锻钢球阀型号,,,
133,不锈钢球阀,3,7,三片式不锈钢球阀|气动不锈钢球阀|电动不锈钢球阀|不锈钢丝扣球阀|不锈钢法兰球阀|三通不锈钢球阀,,,
134,双相钢球阀,3,8,双相钢球阀厂家|双相钢球阀型号|双相钢球阀尺寸|进口双相钢球阀,,,
135,法兰球阀,3,9,法兰三通球阀|进口法兰球阀|不锈钢法兰球阀|气动法兰球阀|Q41F法兰球阀|美标法兰球阀|三片式法兰球阀,,,
136,真空球阀,3,10,气动真空球阀|高真空球阀|不锈钢真空球阀|电动真空球阀|手动真空球阀|法兰真空球阀,,,
137,三通球阀,3,11,防爆电动三通球阀|气动三通球阀|t型三通球阀|不锈钢三通球阀|l型三通球阀|手动三通球阀,,,
138,保温球阀,3,12,不锈钢保温球阀|夹套保温球阀|电动保温球阀|气动保温球阀|bq41f保温球阀|真空保温球阀|对夹式保温球阀|三通保温球阀,,,
139,抗硫球阀,3,14,不锈钢抗硫球阀|抗硫球阀型号|抗硫球阀厂家|美标抗硫球阀,,,
140,黄铜|青铜球阀,3,8,黄铜球阀|青铜球阀|黄铜丝扣球阀|青铜螺纹球阀|进口青铜球阀,,,
141,衬氟球阀,3,13,气动衬氟球阀|法兰衬氟球阀|美标衬氟球阀|电动不锈钢衬氟球阀|衬氟球阀dn25|三通衬氟球阀,,,
142,低温球阀,3,15,上海低温球阀|超低温球阀|进口低温球阀|不锈钢低温球阀|低温球阀价格,,,
143,高温球阀,3,16,耐高温球阀|不锈钢高温球阀|高温法兰球阀|高温球阀丝扣|防爆高温球阀|高温球阀4寸|高温球阀dn40,,,
144,轨道球阀,3,17,轨道球阀结构|轨道球阀原理|进口轨道球阀|orbit轨道球阀|轨道球阀价格|轨道球阀厂家,,,
145,弹簧球阀,3,17,法兰弹簧球阀|丝扣弹簧球阀|弹簧球阀厂家|手柄弹簧球阀|手动弹簧球阀,,,
146,电动球阀,3,19,电动不锈钢球阀|微型电动球阀|dqf电动球阀|电动球阀原理|电动球阀型号|电动球阀价格,,,
147,气动球阀,3,18,气动球阀dn40|不锈钢气动球阀|进口气动球阀|upvc气动球阀|三片式气动球阀|电磁气动球阀|气动球阀原理,,,
148,V型球阀,3,19,电动V型球阀|气动V型球阀|不锈钢V型球阀|不锈钢电动V型球阀|v型球阀cv值|气动o型球阀气动v型球阀,,,
149,氨用球阀,3,20,不锈钢氨用球阀|电动防爆氨用球阀|气动氨用球阀|氨用球阀标准|氨用球阀型号,,,
150,双联球阀,3,21,双联球阀q241f|双联球阀型号|进口双联球阀|双联球阀图片|双联球阀价格,,,
151,双联球阀,3,21,双联球阀q241f|双联球阀型号|进口双联球阀|双联球阀图片|双联球阀价格,,,
152,放料球阀,3,22,上海不锈钢放料球阀|衬氟放料球阀|衬氟放料球阀|放料球阀型号|气动放料球阀|放料球阀厂家,,,
153,四通球阀,3,23,电动四通球阀|不锈钢四通球阀|气动四通球阀|四通球阀原理|四通球阀厂家,,,
154,高压球阀,3,16,电动防爆高压球阀|进口不锈钢高压球阀|高压球阀型号|高压球阀 液压|气动高压球阀|高温高压球阀,,,
155,O型球阀,3,23,进口O型球阀|气动O型球阀|O型球阀原理|O型球阀结构|O型球阀型号,,,
156,铝制球阀,3,24,法兰铝制球阀|圆型法兰铝制球阀|铝制球阀价格|铝制球阀型号,,,
157,卡箍球阀,3,26,不锈钢卡箍球阀|进口卡箍球阀|卫生级卡箍球阀|快装卡箍球阀|卡箍球阀标准,,,
158,塑料球阀,3,28,螺纹塑料球阀|pvc塑料球阀|塑料球阀6分|气动塑料球阀|dn50塑料球阀,,,
159,快装球阀,3,29,不锈钢快装球阀|气动快装球阀|三通快装球阀|卫生级快装球阀|三片式快装球阀|304不锈钢快装球阀,,,
160,斜面球阀,3,30,内螺纹整体斜面球阀|整体斜面球阀|上装斜面球阀|温州整体斜面球阀,,,
161,缩径球阀,3,31,美标缩径球阀|美标整体式缩径球阀|全通径球阀与缩径球阀|缩径球阀型号|缩径球阀厂家,,,
162,气源球阀,3,33,不锈钢气源球阀|304气源球阀|气源球阀接头|气源球阀型号|气源球阀规格,,,
163,广式球阀,3,34,不锈钢广式球阀|广式球阀dn50|不锈钢广式球阀上海|不锈钢丝扣广式球阀|进口广式球阀,,,
164,燃气球阀,3,36,天燃气球阀|管道天燃气球阀|黄铜燃气球阀|燃气球阀4分|燃气球阀厂家,,,
165,陶瓷球阀,3,38,手动陶瓷球阀|电动陶瓷球阀|耐磨陶瓷球阀|气动陶瓷球阀|三通耐磨陶瓷球阀|进口陶瓷球阀,,,
166,喷煤粉球阀,3,39,喷煤粉球阀|不锈钢喷煤粉球阀型号|喷煤粉球阀厂家|进口喷煤粉球阀,,,
167,内螺纹球阀,3,40,不锈钢内螺纹球阀|三片式内螺纹球阀|气动内螺纹球阀|两片式内螺纹球阀|q11f一片式内螺纹球阀,,,
168,偏心半球阀,3,41,双偏心半球阀|气动偏心半球阀|上装式偏心半球阀|侧装式偏心半球阀|硬密封偏心半球阀|电动偏心半球阀,,,
169,卫生级球阀,3,43,电动卫生级球阀|304卫生级球阀|手动卫生级球阀|316l卫生级球阀,,,
170,浮动式球阀,3,44,不锈钢浮动式球阀|进口浮动式球阀|浮动式球阀型号|浮动式球阀价格|浮动式球阀生产厂家,,,
171,固定式球阀,3,45,气动固定式球阀|锻钢固定式球阀|硬密封固定式球阀|电动固定式球阀|固定式球阀结构,,,
172,外螺纹球阀,3,40,不锈钢外螺纹球阀|进口外螺纹球阀|气动外螺纹球阀|外螺纹球阀型号|外螺纹球阀价格,,,
173,铝合金球阀,3,48,气动铝合金球阀|方铝合金球阀|圆法兰铝合金球阀|铝合金球阀型号,,,
174,一片式球阀,3,49,进口一片式球阀|不锈钢一片式球阀|一片式球阀价格|一片式球阀图片|一片式球阀厂家,,,
175,二片式球阀,3,50,二片式球阀图片|二片式球阀厂家|进口二片式球阀|不锈钢二片式球阀|二片式球阀价格,,,
176,三片式球阀,3,51,不锈钢三片式球阀|内螺纹三片式球阀|三片式球阀价格|进口三片式球阀|三片式球阀型号,,,
177,埋地式球阀,3,52,进口埋地式球阀|不锈钢埋地式球阀|埋地式球阀图片|埋地式球阀型号|埋地式球阀尺寸,,,
178,超薄型球阀,3,53,进口超薄型球阀|对夹式超薄型球阀|超薄型球阀尺寸|超薄型球阀型号|超薄型球阀图片,,,
179,上装式球阀,3,54,气动上装式球阀|上装式球阀型号|上装式球阀图片|进口上装式球阀|上装式球阀尺寸,,,
180,全焊接球阀,3,55,进口全焊接球阀|齿轮操作全焊接球阀|直埋式全焊接球阀|全焊接球阀尺寸|全焊接球阀型号,,,
181,整体式球阀,3,57,整体式球阀型号|整体式球阀尺寸|整体式球阀价格|整体式球阀图片,,,
182,硅溶胶球阀,3,58,上海硅溶胶球阀|硅溶胶球阀生产厂家|硅溶胶球阀型号|硅溶胶球阀图片,,,
183,焦炉专用球阀,3,59,焦炉专用球阀不锈钢|进口焦炉专用球阀|焦炉专用球阀型号|焦炉专用球阀图片|焦炉专用球阀厂家,,,
184,氧气专用球阀,3,60,不锈钢氧气专用球阀|氧气专用球阀型号|氧气专用球阀图片|氧气专用球阀样本下载,,,
185,铸铁截止阀,4,1,德标铸铁截止阀|球墨铸铁截止阀|铸铁截止阀dn65|船用铸铁截止阀|进口铸铁截止阀,,,
186,铸钢截止阀,4,2,美标铸钢截止阀|铸钢截止阀dn100|铸钢截止阀j41h|铸钢截止阀dn25|波纹管铸钢截止阀,,,
187,碳钢截止阀,4,3,什么是碳钢截止阀|导热油碳钢截止阀|碳钢截止阀型号|碳钢截止阀规格|碳钢截止阀价格,,,
188,锻钢截止阀,4,4,内螺纹锻钢截止阀|锻钢截止阀dn25|锻钢截止阀尺寸|锻钢截止阀生产厂家,,,
189,不锈钢截止阀,4,5,不锈钢波纹管截止阀|不锈钢截止阀价格|山东不锈钢截止阀|不锈钢截止阀dn50|卫生级不锈钢截止阀,,,
190,黄铜|青铜截止阀,4,6,黄铜截止阀|青铜截止阀|铜截止阀dn50|铜截止阀4分|铜截止阀价格,,,
191,焊接截止阀,4,7,蒸汽法兰截止阀|进口法兰截止阀|不锈钢法兰截止阀|波纹管法兰截止阀|法兰截止阀DN50,,,
192,焊接截止阀,4,8,高温高压焊接截止阀|j61y焊接截止阀|电动焊接截止阀|锻钢焊接截止阀|真空焊接截止阀|不锈钢焊接截止阀,,,
193,保温截止阀,4,9,保温夹套截止阀|真空保温截止阀|不锈钢保温截止阀|进口保温截止阀|保温截止阀价格,,,
194,波纹管截止阀,4,10,德标波纹管截止阀|进口波纹管截止阀|美标波纹管截止阀|wj41h波纹管截止阀|不锈钢波纹管截止阀|锻钢波纹管截止阀,,,
195,氨用截止阀,4,11,氨用截止阀标准|j41b氨用截止阀|角式氨用截止阀|温州氨用截止阀,,,
196,蒸汽截止阀,4,12,波纹管蒸汽截止阀|斯派莎克蒸汽截止阀|蒸汽截止阀100|铸铁蒸汽截止阀|德标蒸汽截止阀,,,
197,气用截止阀,4,13,天然气截止阀|燃气专用截止阀|波纹管气用截止阀|不锈钢气用截止阀,,,
198,氯用截止阀,4,14,氯气专用截止阀|液氯专用截止阀|不锈钢氯用截止阀|氯用截止阀型号|氯用截止阀厂家,,,
199,低温截止阀,4,15,不锈钢低温截止阀|进口低温截止阀|低温截止阀型号|低温截止阀尺寸|低温截止阀厂家,,,
200,衬胶截止阀,4,16,j41j衬胶截止阀|衬胶截止阀型号|法兰直通式衬胶截止阀|衬胶截止阀厂家,,,
201,水封截止阀,4,17,水封截止阀价格，水封截止阀生产厂家|水封截止阀型号|水封截止阀尺寸,,,
202,角式截止阀,4,18,j44h角式截止阀|高压角式截止阀|美标角式截止阀|船用角式截止阀|黄铜角式截止阀|出口角式截止阀,,,
203,Y形截止阀,4,19,进口Y形截止阀|不锈钢Y形截止阀|Y形波纹管截止阀|Y形截止阀型号|Y形截止阀厂家,,,
204,气动截止阀,4,19,j641气动截止阀|气动截止阀结构图|进口气动截止阀|真空气动截止阀结构图|气动截止阀说明书,,,
205,电动截止阀,4,20,电动截止阀dn25|碳钢电动截止阀|电动截止阀说明书|电动截止阀j961y|电动截止阀型号,,,
206,真空截止阀,4,21,低温真空截止阀|真空截止阀结构图|真空截止阀型号|真空截止阀高温|真空截止阀厂家,,,
207,衬氟截止阀,4,22,电动衬氟截止阀|衬氟截止阀dn40|衬氟截止阀价格|衬氟截止阀型号|衬氟截止阀厂家,,,
208,燃气截止阀,4,23,燃气截止阀价格|燃气截止阀图片|不锈钢燃气截止阀|燃气截止阀厂家,,,
209,陶瓷截止阀,4,24,陶瓷截止阀|进口陶瓷截止阀|陶瓷截止阀厂家|陶瓷截止阀尺寸|陶瓷截止阀图片,,,
210,德标截止阀,4,27,德标波纹管截止阀|德标截止阀厂家|进口德标截止阀|球墨铸铁德标截止阀|德标蒸汽截止阀,,,
211,美标截止阀,4,28,铸钢美标截止阀|美标截止阀dn50|美标截止阀标准|进口美标截止阀|美标截止阀尺寸,,,
212,英标截止阀,4,29,英标截止阀厂家|英标截止阀价格|进口英标截止阀|英标截止阀尺寸,,,
213,日标截止阀,4,30,不锈钢日标截止阀|铸钢日标截止阀|上海日标截止阀|日标蒸汽截止阀|日标截止阀厂家,,,
214,撞击式截止阀,4,31,进口撞击式截止阀|撞击式截止阀图片|撞击式截止阀尺寸|撞击式截止阀型号|撞击式截止阀厂家,,,
215,内螺纹截止阀,4,32,不锈钢内螺纹截止阀|黄铜内螺纹截止阀|内螺纹截止阀dn25|内螺纹截止阀标准|内螺纹截止阀型号,,,
216,正齿轮截止阀,4,33,J561正齿轮截止阀|正齿轮传动截止阀|正齿轮截止阀型号|正齿轮截止阀厂家,,,
217,氧气专用截止阀,4,34,氧气专用截止阀型号|高压氧气截止阀|yj41w氧气截止阀|氧气专用截止阀价格|不锈钢氧气截止阀,,,
218,燃气紧急切断阀,4,37,zcrb燃气紧急切断阀|燃气紧急切断阀dn100|燃气紧急切断阀型号|燃气紧急切断阀资料,,,
219,铸铁放料阀,5,1,铸铁放料阀型号|铸铁放料阀厂家|铸铁放料阀尺寸|铸铁放料阀图片,,,
220,铸钢放料阀,5,2,进口铸钢放料阀|铸钢放料阀尺寸|铸钢放料阀生产厂家|铸钢放料阀型号,,,
221,不锈钢放料阀,5,3,卫生级不锈钢放料阀|不锈钢放料阀尺寸|进口不锈钢放料阀|不锈钢放料阀型号,,,
222,三通放料阀,5,4,电动三通放料阀|三通放料阀图片|三通放料阀型号|三通放料阀尺寸,,,
223,放料球阀,5,5,放料球阀不锈钢|薄型放料球阀|衬氟放料球阀|上海不锈钢放料球阀|保温放料球阀|放料球阀型号,,,
224,气动放料阀,5,6,卫生级气动放料阀|气动放料阀结构图|简单气动放料阀门|气动放料阀尺寸图纸,,,
225,衬氟放料阀,5,7,铸钢衬氟放料阀|上海衬氟放料阀|南京衬氟放料阀|衬氟放料阀型号|衬氟放料阀生产厂家,,,
226,平底放料阀,5,8,不锈钢平底放料阀|平底放料阀尺寸|优质平底放料阀|平底放料阀厂家,,,
227,保温放料阀,5,9,不锈钢保温放料阀|保温放料阀尺寸|保温放料阀型号|保温放料阀厂家,,,
228,搪玻璃放料阀,5,10,上展式搪玻璃放料阀|HG5-16-79搪玻璃放料阀|搪玻璃放料阀型号|搪玻璃放料阀厂家,,,
229,柱塞式放料阀,5,11,不锈钢柱塞式放料阀|柱塞式放料阀型号|柱塞式放料阀尺寸|柱塞式放料阀厂家,,,
230,上展式放料阀,5,12,不锈钢上展式放料阀|搪玻璃上展式放料阀|气动上展式放料阀|上展式放料阀工作原理,,,
231,下展式放料阀,5,14,下展式放料阀原理|气动下展式放料阀|进口下展式放料阀|下展式放料阀价格,,,
232,铸铁止回阀,6,1,美标铸铁止回阀|旋启式铸铁止回阀|法兰铸铁止回阀|铸铁止回阀厂家,,,
233,铸钢止回阀,6,1,铸钢止回阀dn80|h41h-16c法兰铸钢止回阀|铸钢旋启式止回阀|铸钢止回阀厂家,,,
234,铸钢止回阀,6,2,铸钢止回阀dn80|h41h-16c法兰铸钢止回阀|铸钢旋启式止回阀|铸钢止回阀厂家,,,
235,碳钢止回阀,6,3,dn50碳钢止回阀|碳钢止回阀尺寸|美标碳钢止回阀|碳钢止回阀型号|碳钢止回阀生产厂家,,,
236,不锈钢止回阀,6,4,对夹式不锈钢止回阀|不锈钢止回阀dn100|不锈钢止回阀h44w|单向不锈钢止回阀|进口不锈钢止回阀2寸|深圳不锈钢止回阀,,,
237,黄铜|青铜止回阀,6,5,黄铜止回阀|青铜止回阀|船用青铜止回阀|进口青铜止回阀|黄铜丝扣止回阀|青铜螺纹止回阀,,,
238,美标止回阀,6,10,美标止回阀生产厂家|美标止回阀dn50|美标止回阀标准|法兰美标止回阀|美标旋启式止回阀,,,
239,日标止回阀,6,11,日标止回阀尺寸|日标旋启式止回阀|日标止回阀标准|日标止回阀厂家,,,
240,非标止回阀,6,12,非标止回阀尺寸|法兰非标止回阀|非标止回阀厂家|非标止回阀价格,,,
241,高温高压截止阀,4,50,高温高压截止阀|高温截止阀|高压截止阀|高温高压截止阀尺寸,,,
242,衬胶止回阀,6,13,衬胶止回阀|旋启式衬胶止回阀|不锈钢衬胶止回阀|h44j衬胶止回阀|衬胶止回阀尺寸,,,
243,燃气止回阀,6,14,燃气止回阀|燃气止回阀结构图|燃气止回阀标准|燃气专用止回阀,,,
244,陶瓷止回阀,6,15,陶瓷止回阀|陶瓷旋启式止回阀|陶瓷止回阀尺寸|陶瓷止回阀标准,,,
245,衬氟止回阀,6,16,dn50衬氟止回阀|衬氟止回阀h41f46|衬氟止回阀型号|衬氟止回阀生产厂家,,,
246,锻钢止回阀,6,17,高压锻钢止回阀|上海锻钢止回阀|锻钢止回阀尺寸|锻钢止回阀型号,,,
247,排渣止回阀,6,18,ph44h排渣止回阀|排渣止回阀厂家|排渣止回阀型号|排渣止回阀尺寸,,,
248,消声止回阀,6,18,消声止回阀dn150|对夹式消声止回阀|缓闭消声止回阀|不锈钢消声止回阀|防水锤消声止回阀,,,
249,保温止回阀,6,19,保温止回阀|不锈钢保温止回阀|保温止回阀尺寸|保温止回阀型号,,,
250,静音止回阀,6,20,dn300静音止回阀|不锈钢静音止回阀|铸钢静音止回阀|静音止回阀型号|美标静音止回阀|对夹式静音止回阀,,,
251,蝶型止回阀,6,21,蝶式止回阀|蝶型止回阀dn125|对夹蝶式止回阀|不锈钢蝶式止回阀|微阻缓闭蝶式止回阀|蝶型止回阀dn65,,,
252,球形止回阀,6,23,球形止回阀|不锈钢球形止回阀|微阻球形止回阀|球形止回阀65,,,
253,立式止回阀,6,24,不锈钢立式止回阀|黄铜立式止回阀|立式止回阀1寸|立式止回阀型号|立式止回阀型号,,,
254,对夹式止回阀,6,25,对夹式止回阀|不锈钢对夹式止回阀|美标对夹式止回阀|h71对夹式止回阀|对夹式止回阀尺寸,,,
255,升降式止回阀,6,27,对夹升降式止回阀|立式升降式止回阀|不锈钢升降式止回阀|德标升降式止回阀|升降式止回阀安装,,,
256,浮球式止回阀,6,30,h40j浮球式止回阀|不锈钢浮球式止回阀|浮球式止回阀尺寸|浮球式止回阀厂家,,,
257,旋启式止回阀,6,29,旋启式止回阀型号|旋启式止回阀h44|旋启式止回阀300lb|旋启式止回阀dn150|美标旋启式止回阀,,,
258,橡胶瓣止回阀,6,31,h44x橡胶瓣止回阀dn400|橡胶瓣止回阀价格|橡胶瓣止回阀型号|不锈钢橡胶瓣止回阀,,,
259,石油用止回阀,6,35,石油用止回阀|石油用止回阀不锈钢|石油用止回阀厂家|石油用止回阀型号,,,
260,天燃气止回阀,6,36,不锈钢天燃气止回阀|天燃气止回阀尺寸|天燃气止回阀型号|天燃气止回阀厂家,,,
261,三合一止回阀,6,38,多功能三合一止回阀|不锈钢三合一止回阀|三合一止回阀型号|三合一止回阀厂家,,,
262,氧气专用止回阀,6,39,氧气专用止回阀|氧气不锈钢止回阀|氧气专用止回阀尺寸|氧气专用止回阀生产厂家,,,
263,高温高压止回阀,6,40,高压止回阀|高温止回阀|高温高压止回阀|不锈钢高压止回阀,,,
264,微阻缓闭式止回阀,6,41,微阻缓闭式止回阀和缓闭式止回阀区别|微阻缓闭式止回阀厂家|微阻缓闭式止回阀型号,,,
265,鸭嘴形柔性止回阀,6,42,鸭嘴形柔性止回阀厂家|鸭嘴形柔性止回阀型号|鸭嘴形柔性止回阀价格,,,
266,铸铁平衡阀,7,1,铸铁平衡阀|静态铸铁平衡阀|动态铸铁平衡阀|铸铁平衡阀DN100,,,
267,铸钢平衡阀,7,2,铸钢平衡阀|铸钢平衡阀价格|流量铸钢平衡阀,,,
268,不锈钢平衡阀,7,3,不锈钢平衡阀kpf|不锈钢平衡阀dn40|手动不锈钢平衡阀|英国鹤牌不锈钢平衡阀价格,,,
269,黄铜|青铜平衡阀,7,4,黄铜平衡阀|青铜平衡阀|黄铜丝扣平衡阀|青铜平衡阀价格,,,
270,静态平衡阀,7,6,流量静态平衡阀|静态平衡阀dn150|黄铜静态平衡阀|静态平衡阀安装,,,
271,动态平衡阀,7,7,电动动态平衡阀|动态平衡阀dn100|动态平衡阀原理|动态平衡阀型号,,,
272,流量平衡阀,7,8,动态流量平衡阀|静态流量平衡阀|动态流量平衡阀dn125|自力式流量平衡阀,,,
273,空调平衡阀,7,10,空调平衡阀的作用|空调平衡阀价格|空调平衡阀型号|空调平衡阀厂家,,,
274,锁闭调节阀,7,10,锁闭调节阀dn25|锁闭调节阀型号|铜锁闭调节阀|锁闭调节阀生产厂家,,,
275,数字锁定平衡阀,7,11,数字锁定平衡阀dn50|数字锁定平衡阀型号|数字锁定平衡阀安装|数字锁定平衡阀生产厂家,,,
276,自力式压差控制阀,7,1,自力式压差控制阀|自力式压差控制阀dn100|进口自力式压差控制阀|自力式压差控制阀型号,,,
277,铸钢针型阀,8,1,铸钢不锈钢针型阀|铸钢针型阀价格|铸钢针型阀生产厂家,,,
278,锻钢针型阀,8,2,锻钢针型阀|锻钢针型阀型号|锻钢针型阀尺寸|进口锻钢针型阀,,,
279,不锈钢针型阀,8,4,美标不锈钢针型阀|进口不锈钢针型阀|不锈钢针型阀门|不锈钢针型阀j23w|304不锈钢针型阀,,,
280,二阀组,8,7,FITOK二阀组|差压变送器二阀组|进口二阀组作用|一体化二阀组|二阀组尺寸,,,
281,三阀组,8,9,进口三阀组|变送器三阀组|三阀组原理|一体化三阀组|不锈钢三阀组,,,
282,五阀组,8,11,差压变送器二阀组|一体化五阀组|美国飞托克五阀组|进口五阀组|五阀组安装,,,
283,丝扣针型阀,8,12,螺纹针型阀|不锈钢丝扣针型阀|J11w丝扣针型阀|进口丝扣针型阀,,,
284,卡套针型阀,8,13,j91w-160p卡套针型阀|不锈钢卡套针型阀|不锈钢304卡套针型阀|进口卡套针型阀,,,
285,法兰针型阀,8,15,法兰针型阀dn15|dn25法兰针型阀|不锈钢法兰针型阀|法兰针型阀高压,,,
286,液位计阀,8,16,液位计阀门|dn15液位计阀门|不锈钢液位计阀门|塑料液位计阀,,,
287,多口计量阀,8,17,多口计量阀结构图|多口计量阀尺寸|多口计量阀规格|多口计量阀型号,,,
288,波纹管针阀,8,18,进口波纹管针阀|不锈钢波纹管针阀|波纹管针型阀,,,
289,陶瓷芯针型阀,8,19,陶瓷芯针型阀|进口陶瓷芯针型阀|不锈钢陶瓷芯针型阀|陶瓷芯针型阀尺寸,,,
290,内螺纹针型阀,8,20,不锈钢内螺纹针型阀|进口内螺纹针型阀|高压内螺纹针型阀,,,
291,外螺纹针型阀,8,21,外螺纹针型阀型号|不锈钢高压外螺纹针型阀|碳钢外螺纹针型阀|外螺纹针型阀尺寸,,,
292,焊式针型阀,8,24,焊接针型阀型号|焊接针型阀尺寸|焊接针型阀dn15|进口焊式针型阀,,,
293,角式针型阀,8,25,卡套角式针型阀|压力表角式针型阀|外螺纹角式针型阀|进口角式针型阀,,,
294,取压截止阀,8,26,不锈钢取压截止阀|进口取压截止阀|取压截止阀尺寸,,,
295,高密封取样阀,8,27,不锈钢高密封取样阀|gmj11f高密封取样阀|进口高密封取样阀|高密封取样阀型号,,,
296,气动管路球阀,8,28,不锈钢气动管路球阀|气动管路球阀型号|气动管路球阀厂家|气动管路球阀图片,,,
297,气动管路截止阀,8,30,气动管路截止阀图片|气动管路截止阀尺寸|气动管路截止阀型号|进口气动管路截止阀,,,
298,多功能截止阀,8,31,不锈钢多功能截止阀|进口多功能截止阀|多功能截止阀尺寸|多功能截止阀图片,,,
299,仪表阀、压力表针阀,8,32,仪表阀|压力表针阀|不锈钢压力表针型阀|不锈钢仪表阀,,,
300,铸铁疏水阀,9,1,铸铁疏水阀|美标铸铁疏水阀|日标铸铁疏水阀|进口铸铁疏水阀,,,
301,铸钢疏水阀,9,2,进口铸钢疏水阀|蒸汽铸钢疏水阀|浮球式铸钢疏水阀|铸钢疏水阀原理,,,
302,不锈钢疏水阀,9,3,不锈钢疏水阀dn25|浮球式不锈钢疏水阀|斯派莎克不锈钢疏水阀|阿姆斯壮不锈钢疏水阀|不锈钢疏水阀厂家,,,
303,气动疏水阀,9,4,气动疏水阀型号|进口气动疏水阀|气动疏水阀安装|上海气动疏水阀,,,
304,浮球式疏水阀,9,5,浮球式疏水阀dn25|进口浮球式疏水阀|浮球式疏水阀安装规范|浮球式疏水阀型号|,,,
305,蒸汽疏水阀,9,4,蒸汽疏水阀dn25|浮球式蒸汽疏水阀|蒸汽疏水阀生产厂家|进口蒸汽疏水阀|斯派莎克蒸汽疏水阀,,,
306,抽汽疏水阀,9,4,STP抽汽疏水阀|供应抽汽疏水阀厂家|抽汽疏水阀型号|抽汽疏水阀价格,,,
307,波纹管疏水阀,9,7,不锈钢波纹管疏水阀|波纹管疏水阀型号|波纹管疏水阀厂家|波纹管疏水阀图片,,,
308,膜盒式疏水阀,9,8,膜盒式蒸汽疏水阀|进口膜盒式疏水阀|不锈钢膜盒式疏水阀|膜盒式疏水阀原理,,,
309,膨帐式疏水阀,9,9,液体膨帐式疏水阀|膨帐式疏水阀图片|膨帐式蒸汽疏水阀|膨帐式疏水阀原理,,,
310,双金属疏水阀,9,10,双金属疏水阀原理|双金属疏水阀安装指南|双金属疏水阀图片|双金属疏水阀厂家,,,
311,脉冲式疏水阀,9,11,生产cs18h脉冲式疏水阀|脉冲式疏水阀咨询|脉冲式疏水阀原理|脉冲式疏水阀图片,,,
312,热动力疏水阀,9,14,热动力式疏水阀|热动力疏水阀dn25|热动力疏水阀原理|进口热动力疏水阀,,,
313,圆盘式疏水阀,9,15,不锈钢圆盘式疏水阀|圆盘式疏水阀cs19h|圆盘式疏水阀原理|圆盘式疏水阀型号,,,
314,自由浮球式疏水阀,9,18,cs11h自由浮球式疏水阀|自由浮球式疏水阀原理|自由浮球式疏水阀型号|自由浮球式疏水阀图片,,,
315,杠杆浮球式疏水阀,9,20,不锈钢杠杆浮球式疏水阀|杠杆浮球式疏水阀原理|杠杆浮球式疏水阀安装|进口杠杆浮球式疏水阀,,,
316,可调恒温式疏水阀,9,21,可调恒温式疏水阀stc|可调恒温式疏水阀原装|可调恒温式疏水阀安装|可调恒温式疏水阀型号,,,
317,汽水分离器,9,23,蒸汽汽水分离器|汽水分离器原理|汽水分离器的作用|进口汽水分离器,,,
318,黄铜排气阀,10,1,黄铜排气阀型号|黄铜排气阀原理|黄铜丝扣排气阀|AVAX黄铜排气阀,,,
319,不锈钢排气阀,10,2,不锈钢排气阀型号|自动不锈钢排气阀|优质不锈钢排气阀|不锈钢排气阀原理,,,
320,自动排气阀,10,3,不锈钢自动排气阀|自动排气阀6分|黄铜自动排气阀|自动排气阀图片,,,
321,单口排气阀,10,6,螺纹单口排气阀|法兰单口排气阀|不锈钢单口排气阀|单口排气阀型号,,,
322,双口排气阀,10,8,双口排气阀dn80|双口排气阀标准|自动双口排气阀|双口排气阀型号,,,
323,快速排气阀,10,10,快速排气阀qe-04|快速排气阀快排|快速排气阀气阀|快速排气阀kp,,,
324,微量排气阀,10,11,不锈钢微量排气阀|arvx微量排气阀|微量排气阀型号|微量排气阀pn16,,,
325,复合式排气阀,10,13,铸钢复合式排气阀|carx复合式排气阀|复合式排气阀型号|复合式排气阀原理|复合式排气阀厂家,,,
326,全压高速排气阀,10,15,不锈钢全压高速排气阀|全压高速排气阀型号|全压高速排气阀生产厂家|全压高速排气阀图片,,,
327,自动补气排气阀,10,16,P4X自动补气排气阀|进口自动补气排气阀|自动补气排气阀图片|自动补气排气阀资料下载,,,
328,梭阀,11,1,梭阀的作用|梭阀工作原理|液压梭阀|气动梭阀|板式梭阀,,,
329,铸铁电磁阀,11,2,铸铁电磁阀厂家|德国进口铸铁电磁阀|铸铁电磁阀原理|水用铸铁电磁阀,,,
330,铸钢电磁阀,11,3,法兰铸钢电磁阀|进口铸钢电磁阀|铸钢电磁阀原理|铸钢电磁阀价格,,,
331,不锈钢电磁阀,11,4,不锈钢电磁阀dn40|不锈钢电磁阀24v|不锈钢电磁阀2寸|zbsf不锈钢电磁阀|不锈钢电磁阀图片,,,
332,黄铜电磁阀,11,5,黄铜电磁阀门批发|深圳黄铜电磁阀|2w黄铜电磁阀|黄铜电磁阀螺纹|黄铜电磁阀工作原理,,,
333,青铜电磁阀,11,7,PS-22青铜电磁阀|进口青铜电磁阀|上海青铜电磁阀厂家|青铜电磁阀图片,,,
335,丝扣电磁阀,11,8,不锈钢丝扣电磁阀|铸钢丝扣电磁阀|铜丝扣电磁阀|进口螺纹电磁阀,,,
336,法兰电磁阀,11,9,不锈钢法兰电磁阀|法兰电磁阀dn32|zqdf法兰电磁阀|2w法兰电磁阀|进口法兰电磁阀,,,
337,微型电磁阀,11,10,微型电磁阀配件|二位二通微型电磁阀|微型电磁阀24v|超微型电磁阀|进口微型电磁阀,,,
338,电磁换向阀,11,13,进口电磁换向阀|不锈钢电磁换向阀|电磁换向阀工作原理|气动电磁换向阀|电磁换向阀型号说明,,,
339,酸碱电磁阀,11,15,台湾酸碱电磁阀|深圳耐酸碱电磁阀|广州耐酸碱电磁阀|耐酸碱电磁阀|pp耐酸碱电磁阀,,,
340,油用电磁阀,11,18,进口油用电磁阀|不锈钢油用电磁阀|高压油用电磁阀|油用电磁阀图片,,,
341,水用电磁阀,11,16,4分水用电磁阀220v|进口水用电磁阀|不锈钢水用电磁阀|水用电磁阀dn32|水用电磁阀厂家,,,
342,蒸汽电磁阀,10,17,进口蒸汽电磁阀|高温高压蒸汽电磁阀|不锈钢蒸汽电磁阀|蒸汽电磁阀工作原理|蒸汽电磁阀图片,,,
343,天燃气电磁阀,11,19,不锈钢天燃气电磁阀|进口天燃气电磁阀|天燃气电磁阀图片|天燃气电磁阀型号,,,
344,空气用电磁阀,11,20,空气用电磁阀|真空专用电磁阀|不锈钢空气用电磁阀|空气用电磁阀生产厂家,,,
345,直动式电磁阀,11,21,zs直动式电磁阀|进口直动式电磁阀|氨用直动式电磁阀价格|直动式电磁阀图片,,,
346,磁保持脉冲电磁阀,11,22,SLPM磁保持脉冲电磁阀|进口电磁阀|黄铜脉冲电磁阀|磁保持脉冲电磁阀图片,,,
347,排泥阀专用电磁阀,11,23,24DHS排泥阀专用电磁阀|控制阀专用电磁阀|水用电磁阀|排泥阀专用电磁阀图片,,,
348,高温高压电磁阀,11,24,高温高压电磁阀|防爆高温电磁阀|进口高温高压电磁阀|高温高压电磁阀生产厂家,,,
349,电磁式煤气安全切断阀,11,25,进口电磁式煤气安全切断阀|电磁式煤气安全切断阀图片|电磁式煤气安全切断阀型号,,,
350,电磁式煤气安全阀控制器,11,27,防爆电磁式煤气安全阀控制器|进口煤气专用电磁阀|电磁式煤气安全阀控制器图片,,,
351,铸铁呼吸阀,12,1,进口铸铁呼吸阀|防爆铸铁呼吸阀|铸铁呼吸阀生产厂家|铸铁呼吸阀价格,,,
352,铸钢呼吸阀,12,1,gfq-2铸钢呼吸阀|进口铸钢呼吸阀|铸钢呼吸阀口罩|铸钢呼吸阀生产厂家,,,
353,不锈钢呼吸阀,12,4,gfq-2不锈钢呼吸阀|防爆不锈钢呼吸阀|不锈钢呼吸阀dn50|不锈钢呼吸阀生产厂家,,,
354,双向呼吸阀,12,6,进口双向呼吸阀|不锈钢双向呼吸阀|双向呼吸阀型号|双向呼吸阀厂家,,,
355,防火呼吸阀,12,6,防爆防火呼吸阀|进口防火呼吸阀|不锈钢防火呼吸阀|防火呼吸阀图片,,,
356,夹套保温呼吸阀,12,8,夹套保温呼吸阀|进口夹套保温呼吸阀|不锈钢夹套保温呼吸阀|夹套保温呼吸阀价格,,,
357,阻火呼吸阀,12,9,阻火呼吸阀|全天候防爆阻火呼吸阀|进口阻火呼吸阀图片|阻火呼吸阀厂家,,,
358,全天候呼吸阀,12,10,全天候呼吸阀工作原理|全天候呼吸阀hxf-1|全天候防爆阻火呼吸阀|全天候呼吸阀图片,,,
360,船用油舱呼吸阀,12,1,船用油舱呼吸阀图片|船用油舱呼吸阀价格|进口船用油舱呼吸阀|船用油舱呼吸阀生产厂家,,,
361,铸铁旋塞阀,13,1,进口铸铁旋塞阀|二通铸铁旋塞阀|美标铸铁旋塞阀|铸铁旋塞阀图片,,,
362,铸钢旋塞阀,13,2,美标铸钢旋塞阀|气动铸钢旋塞阀|三通铸钢旋塞阀厂家|铸钢旋塞阀型号,,,
363,不锈钢旋塞阀,13,3,二通不锈钢旋塞阀|电动不锈钢旋塞阀|美标不锈钢旋塞阀|快装式不锈钢旋塞阀|不锈钢旋塞阀价格,,,
364,黄铜|青铜旋塞阀,13,4,进口黄铜旋塞阀|黄铜螺纹旋塞阀|青铜法兰旋塞阀|黄铜旋塞阀价格,,,
365,美标旋塞阀,13,5,上海美标旋塞阀|高压美标旋塞阀|气动美标旋塞阀|美标旋塞阀生产厂家,,,
366,二通旋塞阀,4,6,二通旋塞阀型号|二通旋塞阀结构图|进口二通旋塞阀|衬套二通旋塞阀,,,
367,三通旋塞阀,13,7,不锈钢三通旋塞阀|铜三通旋塞阀|进口三通旋塞阀|三通旋塞阀工作原理,,,
368,四通旋塞阀,13,8,四通旋塞阀工作原理|进口四通旋塞阀|不锈钢四通旋塞阀|四通旋塞阀图片,,,
369,保温旋塞阀,13,9,保温旋塞阀bx43w|二通保温旋塞阀|不锈钢保温旋塞阀|保温旋塞阀生产厂家,,,
370,偏心旋塞阀,13,10,手动偏心旋塞阀|软密封偏心旋塞阀|进口偏心旋塞阀|电动偏心旋塞阀,,,
371,衬氟旋塞阀,13,11,x41f衬氟旋塞阀|进口衬氟旋塞阀|不锈钢衬氟旋塞阀|气动衬氟旋塞阀,,,
372,衬套旋塞阀,13,12,进口衬套旋塞阀|不锈钢衬套旋塞阀|气动衬套旋塞阀|衬套旋塞阀图片,,,
373,铜芯旋塞阀,13,13,二通铜芯旋塞阀|进口旋塞阀铜芯|美标铜芯旋塞阀|铜芯旋塞阀型号,,,
374,压力表旋塞阀,13,14,黄铜压力表旋塞阀|船用压力表旋塞阀|进口压力表旋塞阀|压力表旋塞阀价格,,,
375,卡套式旋塞阀,13,17,进口卡套式旋塞阀|不锈钢卡套式旋塞阀|卡套式旋塞阀图片|卡套式旋塞阀尺寸,,,
376,铸铁隔膜阀,14,1,进口铸铁隔膜阀|英标铸铁隔膜阀|气动铸铁隔膜阀|铸铁隔膜阀尺寸|铸铁隔膜阀型号,,,
377,铸钢隔膜阀,14,2,进口铸钢隔膜阀|德标铸钢隔膜阀|气动铸钢隔膜阀|手动铸钢隔膜阀,,,
378,不锈钢隔膜阀,14,3,卫生级不锈钢隔膜阀|进口不锈钢隔膜阀|气动不锈钢隔膜阀|不锈钢隔膜阀价格|不锈钢隔膜阀图片,,,
379,美标隔膜阀,14,5,进口美标隔膜阀|不锈钢美标隔膜阀|气动美标隔膜阀|美标隔膜阀图片,,,
380,德标隔膜阀,14,6,德标隔膜阀|进口德标隔膜阀|德标不锈钢隔膜阀|德标隔膜阀生产厂家,,,
381,英标隔膜阀,14,7,英标直通隔膜阀|气动英标隔膜阀|英标衬胶隔膜阀|英标隔膜阀不锈钢|英标隔膜阀价格,,,
382,日标隔膜阀,14,9,常开式气动日标隔膜阀|进口日标隔膜阀|日标不锈钢隔膜阀|日标隔膜阀生产厂家,,,
383,衬胶隔膜阀,14,11,手动衬胶隔膜阀|衬胶隔膜阀dn25|电动衬胶隔膜阀|衬胶隔膜阀型号|衬胶隔膜阀气动,,,
384,衬氟隔膜阀,14,12,衬氟隔膜阀dn40|衬氟隔膜阀型号|g941fs电动衬氟隔膜阀|sed衬氟隔膜阀|sed气动衬胶衬氟隔膜阀,,,
385,电动隔膜阀,14,13,进口电动隔膜阀|卫生级电动隔膜阀|上海电动隔膜阀|电动卫生级隔膜阀,,,
386,气动隔膜阀,14,15,盖米气动隔膜阀|进口不锈钢气动隔膜阀|卫生级气动隔膜阀|气动隔膜阀膜片,,,
387,塑料隔膜阀,14,16,气动法兰塑料隔膜阀|进口塑料隔膜阀|y型塑料隔膜阀|上海塑料隔膜阀生产厂家,,,
388,三通隔膜阀,14,17,进口三通隔膜阀|不锈钢三通隔膜阀|气动三通隔膜阀|卫生级三通隔膜阀,,,
389,卫生级隔膜阀,14,18,进口卫生级隔膜阀|卫生级隔膜阀dn32|不锈钢卫生级隔膜阀|卫生级隔膜阀型号|卫生级隔膜阀图片,,,
390,高真空隔膜阀,14,19,高真空隔膜阀|高真空隔膜阀gm|高真空隔膜阀膜片|进口高真空隔膜阀,,,
391,无内衬隔膜阀,14,20,上海无内衬隔膜阀|进口无内衬隔膜阀|不锈钢无内衬隔膜阀|无内衬隔膜阀图片,,,
392,铸铁管夹阀,15,1,进口铸铁管夹阀|气动铸铁管夹阀|铸铁管夹阀标准|铸铁管夹阀尺寸,,,
393,铸钢管夹阀,15,2,进口铸钢管夹阀|气动铸钢管夹阀|铸钢管夹阀型号|铸钢管夹阀价格,,,
394,塑料管夹阀,15,3,塑料管夹阀GJ41X|进口塑料管夹阀|塑料管夹阀价格|塑料管夹阀型号|塑料管夹阀尺寸,,,
395,聚甲醛管夹阀,15,4,聚甲醛气动夹管阀|进口聚甲醛管夹阀|聚甲醛管夹阀型号|聚甲醛管夹阀图片,,,
396,铝合金管夹阀,15,6,进口铝合金管夹阀|气动铝合金管夹阀|铝合金管夹阀型号|螺纹铝合金管夹阀,,,
397,不锈钢管夹阀,15,7,进口不锈钢管夹阀|气动不锈钢管夹阀|不锈钢管夹阀型号|不锈钢管夹阀尺寸|不锈钢管夹阀生产厂家,,,
398,衬胶管夹阀,15,8,气动衬胶管夹阀|进口衬胶管夹阀|不锈钢衬胶管夹阀|衬胶管夹阀价格,,,
399,奥衬管夹阀,15,9,GJ41X奥衬管夹阀|OC型奥衬管夹阀|进口奥衬管夹阀|奥衬管夹阀生产厂家,,,
400,气动管夹阀,15,10,进口气动管夹阀，ako气动管夹阀|德国AKO气动管夹阀型号|上海气动管夹阀厂家,,,
401,电动管夹阀,15,12,进口电动管夹阀|不锈钢电动管夹阀|电动管夹阀型号|上海电动管夹阀生产厂家,,,
402,铸铁底阀,16,1,铸铁法兰底阀|h42x铸铁底阀|进口铸铁底阀|铸铁底阀的作用|铸铁底阀图片,,,
403,铸钢底阀,16,2,上海铸钢底阀|法兰铸钢底阀|铸钢底阀原理|铸钢底阀价格,,,
404,不锈钢底阀,16,3,不锈钢底阀dn100|不锈钢底阀h42w|10寸不锈钢底阀|不锈钢底阀型号|不锈钢底阀生产厂家,,,
405,黄铜底阀,16,4,螺纹黄铜底阀|进口黄铜底阀|黄铜底阀型号|黄铜底阀图片,,,
406,液动池底阀,16,5,H742X液动池底阀|液动池底排泥阀|液动池底阀型号|液动池底阀生产厂家,,,
407,气动海底阀,16,6,气动海底阀|不锈钢气动海底阀|进口气动海底阀|气动海底阀型号|气动海底阀厂家,,,
408,手动式海底阀,16,7,手动式海底阀|手动海底阀H804A-80|不锈钢手动式海底阀|手动式海底阀型号,,,
409,槽罐车球阀,3,65,槽罐车专用球阀|不锈钢槽罐车球阀|槽罐车球阀价格|优质槽罐车球阀,,,
410,槽罐车呼吸阀,12,40,槽罐车专用呼吸阀|槽罐车不锈钢呼吸阀|槽罐车呼吸阀型号|槽罐车呼吸阀价格,,,
411,铸铁减压阀,17,1,进口铸铁减压阀|自来水铸铁减压阀|铸铁蒸汽减压阀|铸铁减压阀价格,,,
412,铸钢减压阀,17,2,铸钢蒸汽减压阀|进口铸钢减压阀|Y43H铸钢蒸汽减压阀|铸钢减压阀型号,,,
413,不锈钢减压阀,17,3,不锈钢减压阀门|卫生级不锈钢减压阀|y42x不锈钢减压阀|不锈钢蒸汽减压阀型号,,,
414,黄铜减压阀,17,4,上海黄铜减压阀|黄铜减压阀型号|黄铜减压阀价格|黄铜减压阀生产厂家,,,
415,蒸汽减压阀,17,5,最好的蒸汽减压阀|隔膜式蒸汽减压阀|进口蒸汽减压阀|蒸汽减压阀型号|蒸汽减压阀价格,,,
416,氮气减压阀,17,7,进口氮气减压阀|不锈钢氮气减压阀|氮气减压阀型号|优质氮气减压阀,,,
417,气体减压阀,17,7,不锈钢气体减压阀|黄铜气体减压阀|进口气体减压阀|气体减压阀图片,,,
418,天然气减压阀,17,8,天然气进口减压阀|不锈钢天然气减压阀|天然气减压阀图片|天然气减压阀价格,,,
419,氧气减压阀,17,7,不锈钢氧气减压阀|氧气减压阀型号|优质氧气减压阀价格,,,
420,进口减压阀,17,0,进口减压阀图片|进口减压阀价格|进口减压阀型号|进口减压阀尺寸,,,
421,隔膜式减压阀,17,9,隔膜式蒸汽减压阀|进口隔膜式减压阀|不锈钢隔膜式减压阀|隔膜式减压阀图片,,,
422,进口截止阀,4,1,进口波纹管截止阀|进口蒸汽截止阀|不锈钢进口截止阀|进口截止阀价格,,,
423,进口放料阀,5,1,进口放料阀|不锈钢进口放料阀|进口放料阀型号|进口放料阀尺寸,,,
424,进口止回阀,6,1,进口不锈钢止回阀|美国进口止回阀|德国进口止回阀|台湾进口止回阀|进口止回阀价格,,,
425,进口平衡阀,7,1,英国进口平衡阀|进口动态平衡阀|进口静态平衡阀|进口平衡阀价格,,,
426,进口针型阀,8,1,美国进口针型阀|进口不锈钢针型阀|进口丝扣针型阀|进口针型阀价格,,,
427,进口疏水阀,9,1,进口蒸汽疏水阀|英国进口疏水阀|进口浮球式疏水阀|进口疏水阀品牌,,,
428,进口排气阀,10,1,进口排气阀图片|进口排气阀型号|进口排气阀价格|进口不锈钢排气阀,,,
429,进口电磁阀,11,1,美国进口电磁阀|进口黄铜电磁阀|进口不锈钢电磁阀|进口电磁阀价格,,,
430,进口呼吸阀,12,1,进口呼吸阀尺寸|进口呼吸阀型号|进口呼吸阀价格|进口呼吸阀图片,,,
431,进口旋塞阀,13,1,进口衬套旋塞阀|不锈钢进口旋塞阀|进口三通旋塞阀|进口旋塞阀价格,,,
432,进口隔膜阀,14,1,进口隔膜阀|进口卫生级隔膜阀|进口气动隔膜阀|进口隔膜阀价格,,,
433,进口管夹阀,15,1,进口管夹阀价格|进口不锈钢管夹阀|进口气动管夹阀|进口管夹阀品牌,,,
434,进口底阀,16,1,进口不锈钢底阀|进口黄铜底阀|进口底阀价格|进口底阀图片,,,
435,温控阀,0,11,自力式温控阀|进口温控阀价格|暖气温控阀型号|温控阀图片,,,
436,进口温控阀,435,1,进口温控阀|不锈钢温控阀型号|温控阀价格|温控阀图片,,,
437,电动温控阀,435,2,进口电动温控阀|电动不锈钢温控阀|电动温控阀价格|电动温控阀图片,,,
438,气动温控阀,435,3,气动温控阀价格|进口气动温控阀|气动温控阀型号|气动温控阀图片,,,
439,自力式温控阀,435,4,进口自力式温控阀|不锈钢自力式温控阀|自力式温控阀图片|自力式温控阀生产厂家,,,
440,暖气温控阀,435,5,进口暖气温控阀|黄铜暖气温控阀图片|暖气温控阀型号|暖气温控阀价格,,,
441,铸铁温控阀,435,7,进口铸铁温控阀|德标铸铁温控阀|铸铁温控阀价格|铸铁温控阀尺寸,,,
442,不锈钢温控阀,435,8,进口不锈钢温控阀型号|不锈钢温控阀价格|不锈钢温控阀图片|不锈钢温控阀尺寸,,,
443,三通温控阀,435,9,三通温度控制阀|进口三通温控阀|三通温控阀图片|三通温控阀参数,,,
444,西门子温控阀,435,10,西门子进口温控阀|国产温控阀价格|西门子温控阀价格|西门子温控阀图片,,,
445,斯派莎克温控阀,435,11,英国斯派莎克温控阀|斯派莎克温控阀价格|斯派莎克温控阀图片|斯派莎克温度控制阀,,,
446,国产25P减压阀,17,10,进口25P减压阀价格|国产25P减压阀价格|国产25P减压阀图片|国产25P减压阀厂家,,,
447,先导式减压阀,17,11,进口先导式减压阀|不锈钢先导式减压阀价格|先导式减压阀型号|先导式减压阀图片,,,
448,真空减压阀,17,22,进口真空减压阀|不锈钢真空减压阀图片|真空减压阀价格|真空减压阀生产厂家,,,
449,比例式减压阀,17,13,比例式减压阀价格|比例式减压阀型号|进口比例式减压阀尺寸|比例式减压阀生产厂家,,,
450,活塞式减压阀,17,14,进口活塞式减压阀|活塞式减压阀型号|活塞式减压阀图片|活塞式减压阀生产厂家,,,
451,压缩空气减压阀,17,15,进口压缩空气减压阀|压缩空气减压阀价格|压缩空气减压阀图片|压缩空气减压阀生产,,,
452,减温减压阀,17,21,不锈钢减温减压阀|进口减温减压阀价格|减温减压阀图片|减温减压阀原理,,,
453,水管减压阀,17,16,不锈钢水管减压阀|铸铁水管减压阀|水管减压阀图片|进口水管减压阀,,,
454,液化石油气减压阀,17,23,液化石油气减压阀|液化气减压阀|石油减压阀价格|进口不锈钢减压阀,,,
455,减压阀价格,17,16,进口减压阀价格|上海减压阀价格|不锈钢减压阀价格,,,
456,减压阀图片,17,18,进口减压阀图片|不锈钢减压阀图片|隔膜式减压阀图片|活塞式减压阀图片,,,
457,卫生级减压阀,17,19,进口卫生级减压阀|卫生级减压阀价格|卫生级减压阀品牌|不锈钢卫生级减压阀,,,
458,直接作用式减压阀,17,20,不锈钢直接作用式减压阀|螺纹直接作用式减压阀|直接作用式减压阀图片|直接作用式减压阀原理,,,
459,进口阻火器,18,1,进口阻火器图片|进口不锈钢阻火器|进口阻火器型号|进口阻火器尺寸,,,
460,铸铁阻火器,18,2,铸铁阻火器型号|铸铁阻火器图片|铸铁阻火器价格|铸铁阻火器生产厂家,,,
461,铸钢阻火器,17,3,进口铸钢阻火器|铸钢阻火器原理|铸钢阻火器价格|铸钢阻火器图片,,,
462,不锈钢阻火器,18,4,不锈钢阻火器|不锈钢管道阻火器|进口不锈钢阻火器原理|不锈钢阻火器图片,,,
463,管道阻火器,18,4,不锈钢管道阻火器|管道阻火器生产厂家|管道阻火器图片|管道阻火器价格,,,
464,氧气阻火器,18,5,不锈钢氧气阻火器|氧气阻火器图片|氧气阻火器价格|氧气阻火器生产厂家,,,
465,阻火器呼吸阀,18,7,阻火器呼吸阀|阻火器呼吸阀图片|阻火器呼吸阀厂家批发|阻火器呼吸阀原理,,,
466,防爆阻火器,17,8,防爆阻火器价格|进口防爆阻火器|不锈钢防爆阻火器图片|防爆阻火器厂家,,,
467,带阻火器的呼吸阀,18,8,带阻火器的呼吸阀图片|带阻火器的呼吸阀型号|带阻火器的呼吸阀原理,,,
468,储罐阻火器,18,9,进口储罐阻火器|储罐阻火器价格|储罐阻火器图片|不锈钢储罐阻火器,,,
469,进口调节阀,19,1,进口调节阀品牌|合资进口调节阀|进口调节阀十大品牌|进口调节阀价格|进口调节阀图片,,,
470,铸铁调节阀,19,2,进口铸铁调节阀|铸铁调节阀价格|铸铁调节阀图片,,,
471,铸钢调节阀,19,3,铸钢调节阀价格|进口铸钢调节阀品牌|铸钢调节阀型号|铸钢气动调节阀,,,
472,不锈钢调节阀,19,4,电磁式不锈钢调节阀|进口不锈钢调节阀|气动不锈钢调节阀|电动不锈钢调节阀,,,
473,黄铜|青铜调节阀,19,5,黄铜调节阀|青铜调节阀|黄铜调节阀生产厂家|黄铜调节阀价格,,,
474,气动调节阀,19,6,进口气动调节阀|气动调节阀工作原理|精小型气动调节阀价格|气动调节阀原理说明书|进口气动调节阀价格,,,
475,电动调节阀,19,7,进口电动调节阀|电动调节阀工作原理|电动调节阀门价格|zdlp电动调节阀厂家|动态平衡电动调节阀,,,
476,自力式调节阀,19,7,不锈钢自力式调节阀价格|进口自力式调节阀|自力式调节阀原理|进口自力式调节阀品牌,,,
477,手动调节阀,19,8,不锈钢手动调节阀|手动调节阀型号|手动调节阀dn25价格|进口手动调节阀图片,,,
478,电动三通调节阀,19,9,进口电动三通调节阀|气动三通调节阀|电动三通调节阀图片|电动三通调节阀价格,,,
479,压力调节阀,19,11,进口压力调节阀自力式|zzyp自力式压力调节阀|电动压力调节阀|燃油压力调节阀,,,
480,进口电动调节阀,19,12,进口电动调节阀品牌|进口电动调节阀配abb执行器用的|不锈钢进口电动调节阀|进口电动调节阀价格,,,
481,气动薄膜调节阀,19,13,斯派莎克气动薄膜调节阀|进口气动薄膜调节阀|气动薄膜调节阀结构图|气动薄膜调节阀定位器,,,
482,自力式温度调节阀,19,14,自力式温度调节阀dn125|自力式温度调节阀原理|蒸汽不锈钢自力式温度调节阀|自力式温度调节阀生产厂家,,,
483,流量调节阀,19,15,进口流量调节阀|自力式流量调节阀|气体流量调节阀|电动流量调节阀价格,,,
484,气动单座调节阀,19,16,气动薄膜单座调节阀|进口气动单座调节阀|zjhp气动单座调节阀|不锈钢气动单座调节阀图片,,,
485,电动单座调节阀,17,17,电子式电动单座调节阀|上海电动单座调节阀|zazp电动单座调节阀|电动单座调节阀型号,,,
486,温度调节阀,19,19,电动温度调节阀|进口气动温度调节阀|自力式温度调节阀|蒸汽温度调节阀|手动温度调节阀生产厂家,,,
487,电动套筒调节阀,19,20,zazm电动套筒调节阀|进口电动套筒调节阀|不锈钢电动套筒调节阀|电动套筒调节阀价格,,,
488,蒸汽调节阀,19,21,不锈钢蒸汽调节阀|DN100蒸汽调节阀|电动蒸汽调节阀|气动蒸汽调节阀型号,,,
489,自力式流量调节阀,19,24,自力式流量调节阀原理|进口自力式流量调节阀|不锈钢自力式流量调节阀型号,,,
490,三通调节阀,19,25,电动三通调节阀原理|进口气动三通调节阀|手动三通调节阀厂家|气动薄膜三通调节阀,,,
491,自力式压力调节阀,19,26,zzyp自力式压力调节阀|进口自力式压力调节阀|自力式压力调节阀图|自力式压力调节阀生产厂家,,,
492,气动套筒调节阀,19,27,zjhm气动套筒调节阀|进口气动套筒调节阀|不锈钢气动套筒调节阀|气动套筒调节阀原理,,,
493,电动套筒调节阀,19,27,zazm电动套筒调节阀|ZDLM电动套筒调节阀|优质电动套筒调节阀|电动套筒调节阀价格,,,
494,气动薄膜切断阀,19,29,进口气动薄膜切断阀|ZMAQ气动薄膜切断阀厂家|气动薄膜切断阀价格|zmq气动薄膜切断阀,,,
495,进口过滤器,20,1,上海进口过滤器品牌|进口Y型过滤器|不锈钢进口过滤器|进口过滤器尺寸图片,,,
496,铸铁过滤器,20,2,进口铸铁过滤器|铸铁过滤器图片|铸铁过滤器价格|铸铁Y型过滤器,,,
497,铸钢过滤器,20,3,进口铸钢过滤器|dn100铸钢过滤器|德标铸钢过滤器|铸钢过滤器生产厂家,,,
498,不锈钢过滤器,20,3,进口不锈钢过滤器|Y型不锈钢过滤器滤网|不锈钢过滤器图片|不锈钢过滤器滤网价格,,,
499,黄铜|青铜过滤器,20,5,黄铜螺纹过滤器|青铜过滤器|进口黄铜过滤器|黄铜过滤器生产厂家,,,
500,自来水过滤器,20,6,不锈钢自来水过滤器|自来水过滤器价格|自来水过滤器DN25|自来水过滤器生产厂家,,,
501,蒸汽过滤器,20,6,y型蒸汽过滤器|进口蒸汽过滤器|不锈钢蒸汽过滤器|蒸汽过滤器价格,,,
502,Y型过滤器,20,1,法兰Y型过滤器|进口Y型过滤器|螺纹Y型过滤器|DN200Y型过滤器价格,,,
503,T型过滤器,20,1,t型过滤器标准|进口t型过滤器|不锈钢t型过滤器|t型过滤器图片,,,
504,蓝式过滤器,20,7,铸铁蓝式过滤器|衬氟蓝式过滤器|不锈钢蓝式过滤器|不锈钢直通蓝式过滤器生产厂家,,,
505,100îvÇänhV,20,8,"N¢100îvÇänhV|100îvÇänhV÷N<h|100îvÇänhVu§NS¶[",,,
506,精密过滤器,20,9,不锈钢精密过滤器|精密过滤器原理|精密过滤器厂家|精密过滤器价格,,,
507,燃气过滤器,20,10,进口燃气过滤器|燃气过滤器型号|燃气过滤器品牌|不锈钢燃气过滤器,,,
508,管道过滤器,20,11,管道过滤器不锈钢|卫生级管道过滤器|y型管道过滤器|管道过滤器价格,,,
509,压缩空气过滤器,17,1,压缩空气过滤器滤芯|压缩空气过滤器价格|压缩空气过滤器型号|食品级压缩空气过滤器,,,
510,螺纹过滤器,20,14,不锈钢螺纹过滤器|进口螺纹过滤器|黄铜螺纹过滤器价格|螺纹过滤器生产厂家,,,
511,保温过滤器,20,15,进口保温过滤器|不锈钢保温过滤器|保温过滤器型号|保温过滤器原理,,,
512,衬氟过滤器,20,16,衬氟Y型过滤器|进口衬氟过滤器|不锈钢衬氟过滤器原理,,,
513,自动排污过滤器,20,17,自动排污过滤器型号|自动排污过滤器价格|自动排污过滤器图片|自动排污过滤器生产厂家,,,
514,高压过滤器,20,18,进口高压过滤|不锈钢高压过滤器|高压过滤器厂家|高压过滤器型号,,,
515,进口安全阀,21,1,进口安全阀的作用|安全阀整定压力|进口安全阀品牌|进口安全阀价格,,,
516,铸铁安全阀,21,2,上海铸铁安全阀|进口铸铁安全阀|青岛铸铁安全阀批发|铸铁安全阀尺寸,,,
517,铸钢安全阀,21,3,a21h铸钢安全阀|进口铸钢安全阀|铸钢安全阀型号|铸钢安全阀原理,,,
518,黄铜安全阀,21,4,黄铜安全阀外螺纹|高压黄铜安全阀|空压机黄铜安全阀|真空黄铜安全阀,,,
519,真空过滤器,20,20,不锈钢真空过滤器|高精密真空过滤器|进口真空过滤器品牌|真空过滤器图片,,,
520,青铜安全阀,21,5,青铜安全阀厂家|进口青铜安全阀|青铜安全阀原理|青铜安全阀型号,,,
521,不锈钢安全阀,21,6,上海a21不锈钢安全阀|进口不锈钢安全阀|高压不锈钢安全阀|不锈钢安全阀dn40价格,,,
522,锅炉安全阀,20,7,锅炉安全阀a48y-16c|进口锅炉安全阀dn40|蒸汽锅炉安全阀|不锈钢锅炉安全阀生产厂家,,,
523,蒸汽安全阀,21,9,不锈钢蒸汽安全阀|进口蒸汽安全阀工作原理|蒸汽安全阀型号|蒸汽安全阀参数,,,
524,液压安全阀,21,10,液压安全阀工作原理|y型液压安全阀图片|液压安全阀结构|进口液压安全阀型号,,,
525,气体安全阀,21,11,高压气体安全阀|气体安全泄压阀|小型气体安全阀|可调气体安全阀,,,
526,燃气安全阀,21,13,贵阳燃气安全阀|进口管道燃气安全阀|天燃气安全阀价格|不锈钢燃气安全阀,,,
527,真空安全阀,21,14,festo真空安全阀|2寸不锈钢真空安全阀|真空安全阀原理|进口真空安全阀品牌,,,
528,弹簧式安全阀,21,15,弹簧式安全阀a27w|DN50弹簧式安全阀|进口弹簧式安全阀型号|弹簧式安全阀原理,,,
529,先导式安全阀,21,16,永一先导式安全阀|进口先导式安全阀原理|不锈钢先导式安全阀|先导式安全阀价格,,,
530,微启式安全阀,21,17,弹簧微启式安全阀|a27h弹簧微启式安全阀|进口微启式安全阀型号|微启式安全阀厂家,,,
531,全启式安全阀,21,18,弹簧全启式安全阀|弹簧封闭全启式安全阀|全启式安全阀dn65|全启式安全阀型号,,,
532,杠杆式安全阀,21,19,重锤杠杆式安全阀|进口杠杆式安全阀|不锈钢杠杆式安全阀|杠杆式安全阀型号,,,
533,双联式安全阀,21,20,不锈钢双联式安全阀|进口双联式安全阀|双联式安全阀图片|双联式安全阀尺寸,,,
534,脉冲式安全阀,21,21,ga49脉冲式安全阀|进口脉冲式安全阀原理|脉冲式安全阀结构图|脉冲式安全阀生产厂家,,,
535,波纹管安全阀,21,22,波纹管安全阀|进口波纹管式安全阀|不锈钢波纹管安全阀|波纹管安全阀型号,,,
536,高温高压安全阀,21,23,高温高压安全阀型号|上海高温高压安全阀生产厂家|不锈钢高温高压安全阀价格,,,
537,高压球阀,22,1,进口高压球阀|高压球阀DN10|不锈钢高压球阀|高压球阀型号,,,
538,单向阀,22,2,单向阀止回阀|高压单向阀|单向阀原理|液控单向阀工作原理,,,
539,溢流阀,22,3,先导式溢流阀|比例溢流阀|液压溢流阀型号|进口电磁溢流阀,,,
540,高压截止阀,22,4,进口高压截止阀|不锈钢高压截止阀|j61y高温高压截止阀|高压截止阀dn40型号,,,
541,进口液压阀,22,0,进口液压阀品牌|进口不锈钢液压阀|进口液压阀生产厂家,,,
542,进口角座阀,24,1,原装进口角座阀|进口角座阀厂家品牌|气动进口角座阀|进口不锈钢角座阀,,,
543,全不锈钢角座阀,24,2,全不锈钢角座阀厂家|气动全不锈钢角座阀|全不锈钢角座阀价格|全不锈钢角座阀图片,,,
544,不锈钢气动角座阀,24,3,全不锈钢气动角座阀型号|gemu不锈钢气动角座阀|进口不锈钢气动角座阀|不锈钢气动角座阀价格,,,
545,螺纹角座阀,24,1,进口气动螺纹角座阀|不锈钢螺纹角座阀|丝扣角座阀型号,,,
546,卡箍角座阀,24,5,不锈钢卡箍角座阀|卡箍气动角座阀|卡箍角座阀价格|卡箍角座阀生产厂家,,,
547,法兰式气动角座阀,24,6,进口法兰式气动角座阀|不锈钢法兰式气动角座阀|法兰式气动角座阀型号|法兰式气动角座阀原理,,,
548,快装式气动角座阀,24,7,进口快装式气动角座阀|卫生级快装式气动角座阀|快装式气动角座阀型号|快装式气动角座阀生产厂家,,,
549,卫生级气动角座阀,24,8,进口卫生级气动角座阀价格|不锈钢卫生级气动角座阀型号|卫生级气动角座阀图片,,,
550,多功能水泵控制阀,23,1,隔膜式多功能水泵控制阀|进口多功能水泵控制阀|多功能水泵控制阀价格|多功能水泵控制阀型号,,,
551,400X流量控制阀,23,2,400X流量控制阀图片|400X流量控制阀生产厂家|400X流量控制阀型号,,,
552,Center Line蝶阀,25,15,Center Line真空蝶阀|Center Line对夹式蝶阀|Center Line气动蝶阀密封圈,,,
553,英国桑德斯阀门,25,16,SAUNDERS阀门|英国桑德斯阀门|英国桑德斯隔膜阀,,,
554,美国苏莫斯阀门,25,17,XOMOX阀门|美国苏莫斯阀门|美国苏莫斯旋塞阀,,,
555,Stockham阀门,25,30,Stockham阀门代理商|Stockham进口球阀价格|Stockham进口蝶阀价格,Stockham阀门代理商，Stockham进口球阀价格，Stockham进口蝶阀价格，,,
556,德国WTA阀门,25,31,德国WTA阀门咨询|德国WTA截止阀|德国WTA阀门总代理,,,
557,配件,0,23,斯派莎克配件,斯派莎克配件,,
558,观视镜,0,24,斯派莎克观视镜|斯派莎克SG253观视镜|斯派莎克双窗观视镜|斯派莎克单窗观视镜,斯派莎克观视镜，斯派莎克SG253观视镜，斯派莎克双窗观视镜，斯派莎克单窗观视镜，斯派莎克观视镜止回阀组合,,
559,组合泵,0,25,¯e>mKQMFP14-PPUÄ~Tõl|¯e>mKQ·QÝQ4lÞV6eõl,¯e>mKQMFP14-PPUÄ~Tõlÿ¯e>mKQ·QÝQ4lÞV6eõl,,
560,流量计,0,26,斯派莎克蒸汽流量计|斯派莎克孔板式蒸汽流量计|斯派莎克涡街流量计,斯派莎克蒸汽流量计，斯派莎克孔板式蒸汽流量计，斯派莎克涡街流量计,,
561,其他阀,0,27,其他阀,斯派莎克其他阀,,
562,斯派莎克汽水分离器,561,1,斯派莎克汽水分离器|斯派莎克法兰汽水分离器|斯派莎克螺纹汽水分离器,斯派莎克汽水分离器，斯派莎克法兰汽水分离器，斯派莎克螺纹汽水分离器,,
563,斯派莎克流量计,560,1,斯派莎克蒸汽流量计价格|斯派莎克ILVA流量计|斯派莎克GiIfIo流量计|斯派莎克流量计型号、图片,斯派莎克蒸汽流量计价格，斯派莎克ILVA流量计，斯派莎克GiIfIo流量计，斯派莎克流量计型号、图片,,
564,斯派莎克冷凝水回收泵,559,1,斯派莎克冷凝水回收泵|斯派莎克MFP14冷凝水回收组合泵,斯派莎克冷凝水回收泵，斯派莎克MFP14冷凝水回收组合泵,,
565,斯派莎克观视镜,558,1,斯派莎克观视镜|斯派莎克SG253观视镜|斯派莎克双窗观视镜|斯派莎克单窗观视镜,斯派莎克观视镜，斯派莎克SG253观视镜，斯派莎克双窗观视镜，斯派莎克单窗观视镜,,
566,斯派莎克破真空器,10,1,斯派莎克VB21不锈钢破真空器|斯派莎克VB14黄铜破真空器,"¯e>mKQVB21N¢4xwzzhVÿ¯e>mKQVB14ÄÜ4xwzzhV",,
567,斯派莎克压力表|温度表,557,1,斯派莎克压力表|斯派莎克温度表,斯派莎克压力表，斯派莎克温度表,,
568,斯派莎克温度传感器,557,1,斯派莎克EL2270温度传感器|斯派莎克EL2270|EL2271温度感应器,斯派莎克EL2270温度传感器，斯派莎克EL2270|EL2271温度感应器,,
569,斯派莎克定位器,557,1,ñýV¯e>mKQEP5[MOhV|ñýV¯e>mKQSP400LS[MOhV,"ñýV¯e>mKQEP5[MOhV,ñýV¯e>mKQSP400LS[MOhV",,
570,斯派莎克液位控制器,557,1,斯派莎克进口液位控制器|英国斯派莎克液位控制器,斯派莎克进口液位控制器，英国斯派莎克液位控制器,,
571,斯派莎克喷射器,561,1,"斯派莎克IN15蒸汽喷射器,斯派莎克IN25M喷射器,斯派莎克IN40M喷射器","斯派莎克IN15蒸汽喷射器,斯派莎克IN25M喷射器,斯派莎克IN40M喷射器",,
572,斯派莎克排污阀,561,1,英国斯派莎克KBV20排污阀|进口锅炉排污阀|进口气动电动排污阀,英国斯派莎克KBV20排污阀，进口锅炉排污阀，进口气动电动排污阀,,
573,斯派莎克泄压阀,561,1,斯派莎克BDV1泄压阀|斯派莎克进口泄压阀,斯派莎克BDV1泄压阀，斯派莎克进口泄压阀,,
574,斯派莎克消音器,561,1,英国斯派莎克DF1消音器价格|斯派莎克DF2消音器参数样本,,,
575,斯派莎克柱塞阀,561,1,斯派莎克RP32柱塞阀|斯派莎克进口柱塞阀,斯派莎克RP32柱塞阀，斯派莎克进口柱塞阀,,
576,斯派莎克水封罐,561,1,斯派莎克WS4水封罐,斯派莎克WS4水封罐,,
577,斯派莎克倒吊桶式疏水阀,9,29,斯派莎克HM00疏水阀|斯派莎克SIB30疏水阀|斯派莎克HM34疏水阀,斯派莎克HM00疏水阀，斯派莎克SIB30疏水阀，斯派莎克HM34疏水阀,,
578,斯派莎克压力平衡式疏水阀,9,30,斯派莎克TSS21压力平衡式蒸汽疏水阀|进口压力平衡式蒸汽疏水阀,斯派莎克TSS21压力平衡式蒸汽疏水阀，进口压力平衡式蒸汽疏水阀,,
579,高压电站闸阀,1,40,高温高压电站闸阀结构尺寸图|Z60Y高压电站闸阀-中国驰名商标,高温高压电站闸阀结构尺寸图，Z60Y高压电站闸阀-中国驰名商标,,
580,电动切断球阀,19,26,电动切断球阀|斯派莎克电动切断球阀,,,
581,气动切断球阀,19,25,气动切断球阀|斯派莎克气动切断阀,,,
